review_id,stars
b8-ELBwhmDKcmcM8icT86g,3
rBpAJhIen_V-zLoXZIcROg,5
_pALaDG6se9OTkGGhyhnNA,3
ru8fpA1Uk0tTFtO5hLM49g,1
fRPgwuFoY6SriToXZyaOQA,1
t3tmIwwCFKJ7ZRUAqZz-ag,4
65dbOiK8QLiG-q7R3r-ITw,3
frBjqsNS16OvNL8b-DBGKw,4
y7sor19EaK2nUlCAxJxFNA,4
9JGeaga55u8cCe7FHDj7gA,2
y8RgeqcrOJTU7Sb6x-pBjQ,2
FHObz6EK7WOeA-Ee2IRLEA,4
HP6NEsv8ePTtmYqgaDZ87g,3
2l-c_3oOS7oztzrHXNh6zA,4
GGTZtwJCDxY6p77SANMr7Q,4
iwC8AkgS_1Qw0ThYD9cSCA,5
MFYAsWyYNZ1ToWuAiynKrg,3
Q1ZUa11mK6_bFDh9zwuXGg,4
quFITCRGEQcvwxPvN25PzQ,1
2DcPhyrjasoJifJbU0VnOw,1
1jHBnM_VCox0GcAvGna2UQ,4
q8WJ5ZQp0vezvUE57Fv2fw,1
vuG-shJuTkXHmszzz1DVsg,2
BDu4ADpOUJpeUerd94y_WQ,4
YeSL7VXTEqmiUnPw1m7ruA,1
MJvmLg_y1faiLllKr4HPsA,2
InFAlSZcY5PinEiOLxKgNw,4
3VPxjYDv4Z0t9IOTbtJCWQ,3
f64CGOR_DVoMCj2H36Z2Uw,1
JOhmb5uEPjAY2xsB8OEWAA,4
38WUo6eiBCzdbDF576t8pA,1
9dnPS5JJD8ia5Mq7eYzPRQ,1
uxknPBrrSMGrI7v8AUyIDQ,1
Gx-z2bP8-UI43Sz2KPOdTg,1
WjP2jbUweuSIAZPR2iU8Aw,3
MAkMscqPSayeCIQoy_x_qA,4
DbENDh9X46v_C1HY27CXIg,4
KKWZjGPSVl7xpREryCWzlQ,2
pfrnP2plJR2Zaix5fRn32Q,4
mDR0A1-pziFUhj27J2u-EA,5
rc_X6viQvhlmQIqqm9yzTw,1
p-R48oMv_wSvRhHzQp2MTQ,1
U3Kk2fjphLbZXSIiavgncw,3
9BJiVrsNRCr2v0dTO2yjxA,3
wMrdGN7tgdSkeSLtn9ASQg,3
piQ7IVZZJgG02em4KQz_Yg,3
aMq_jyx12sjI73V-6soj-w,1
OZ8RbFi2iY06iyPwZ-rHbA,2
xW0SeRA6LA-Gfh_5Xok7Pg,4
Obq4-BRq5Kg8OTth3VJGyA,4
DsX-1Pb0YyF-JMHBM5Z3Aw,4
wu82_RnPJlHgCcPe-9YvmQ,5
m-bFwB9jl_fJ3uCAlewJkg,5
ljkLZNhn95-Jtgqdf-Q61Q,4
8Hi_rl4jNweo2bmtsDgZyg,1
OLNDqTDKO_Ewdn_jPdrNSA,1
gek8j1rg1MRt5v0WxV89hg,2
vcEcdA8ye2w2tHY6CQltFQ,5
bTP0O4vKr_60R71mor4-dg,4
9QWgCToR8UWW6I4SSNRZCw,4
6DUI79vAPbDGgannkks3gA,3
gd6JXiuyOeXJRqH5lSG-Og,3
IQQGXmy7Lx4cZVPeS1-1uw,5
ahlMx1u7t37_4ORSQdsERg,2
ArI-ovp_pbk4bMCUGUYUlA,1
cX7Bp7a3NGE_kY6jKlmESQ,4
jTqh5NYfEVlmr9fGDhb6dA,2
fRvkoFPYP7CtHOMbl_mMuw,2
FLMCgmKAmlRgqo6lVCUccA,4
EBZgmq57lRYlOBj1bu0SPw,2
QQEFwa6_beWInaMVB6c78Q,4
rSvK3W36zxFKQfsVzVfvwA,1
BLFpRHvcr0VNFOWqaVAzOg,3
aTdEqiQBup6s5ClRW1PIzg,2
x_xipGCHfLYHUDgQdGCZSA,1
6ucNmqYyeSAzLUp92Z9fFw,1
-bizFU0PqFCqoRD5_oazDA,1
czhx6K_BGiuWtixUnbOEjg,2
HPnIN6fOBKvNiEIZmT1FJQ,4
sGR0quubtaCggoPSyTMr6w,1
4jkCn9injSnFUULNM9Y2mg,2
lZ0ABaYKuFu-GieeuzC3eQ,3
io6fHsQDp1SKv1mffZYsEA,4
x3o9VvW86pIxyZH_TyBljQ,5
FY7gLQWRsW-PQUd1jFWpmA,5
F88X04skELUdpghp3TbVAQ,4
Hi3YHC6GffWakIwXcZGqGg,4
pRH7gNbacAyiIUPgg7I4MA,4
KE4PT_4SzhmJ_PN-PUcbHQ,4
xKhQxv9GyuWu-xdwTph_MQ,4
B3Fd-sUCXOgEGNueT7kfHg,4
6TRxayqYaOkZSB3YovrDJw,1
3JTQxMcbeRMUyMTPTk3w2Q,1
uuAnRiVVJEaZA0c4ASmuJw,4
D220wJVMyd-yY0ubC745Ig,4
uNbRelrB5-X86MKzh4Q_Qg,4
4CMAbD0-ViB1jb3cnQJ6ZA,4
knp2EaNWz0SExjlsvRTv7Q,3
WcmiJ2YMAd3wzwRvcITcOg,5
MZdQlIY1IgjLPe09ETGg1A,4
IJQWQjbAhI1eFBDC_CI4Zg,4
I41WNVGQusLm7swaV5Y_BQ,2
0ycKNfTAPhuyvPmm1A_mfA,1
PrvXzQN3xAOnHTWhik77eg,2
2mRPFW_1U_dE6b81aIvEBg,1
l1AjlsV2LnO7jnpy3fCTzA,4
OVakHYsxp-Wz0HpALIcFLw,4
ED78WVpMZsx52fqeQuWHqw,2
GIfofOcswIEIkM6q49_n8A,4
4vV1uWLT3Y9mD2urOCFg7Q,3
mBEFKPJm88ai5DuR71-_fw,1
VoEl2jlLFgwNUQYV0VzmQA,4
dBjXeXey2GC_9VDGF1jOZQ,2
7D3Z1mENmqwGsNMICwua_g,1
y7oydm3hbq3kNoHljUUNjQ,4
zZtRPuK0KMRQ8J6d--4jCA,3
AMUI8w5Fb4uWuTv2I9TtwA,5
pkZeJvYw91g0acHQwCqvNw,4
WNn3u9Kfs0xOPz5dJ7yJ_g,4
FI9SB-krFC-iZMfa-iuG9g,3
5mnhmZEQuNVrX_62NBeozg,1
vGRX9W4DDrRJMq2k_Oe7Aw,5
dInJhuSqaA8InsqoHwWbbg,5
IU037qyr-Z__UC9lDdRfYA,5
xECvXk9MUnagoqqVjjjENA,4
iRahmwr2J5KLFfjc8Bz44A,1
m0VDd-INU508e7yZBGkF8A,1
fillhAgb6hxqB-4ZBU-1vQ,4
vAjYKDLUZUOP5oS8sx793w,3
gtuaCgKX6oruVEnkmEB6UQ,5
r3NhKTIjrYG_Cje6WUT-8A,3
1CvjpWVeUbZJlhh5CmQ6aQ,3
y24HUa29d3zF9pF7Kw1Ifw,2
ccYHqI9FRnSGNSTux0IabQ,4
B1dg81H86tX7-qRQHIJxCQ,2
MiWK3YDt8BVWGJG5kLvnRQ,3
YBdeb4-1LkozrQ4PEQH8NA,3
ay_keUX2vPtXLclQ6k6jfA,4
uhjnRl03lPCMxP_JkxlSzg,5
gOuhdx3bVEYGocqLATAIGQ,5
cDi6nfgEgxSt22FVOGONhw,4
X-aAz5sRDrRRYVRWx5iimg,3
KBbNDKRSF7KOGoJ2Ip1WZQ,4
v3mxqlBg1gdsx7XVgFA1XQ,1
yyP5Ebdx_VmJmpuYpGbH_Q,1
WVv_Aq66ZWnvqhqgrRRz1A,1
YlJJz7h3KVJcBpR6vp51zg,5
X_s9yDJOBjRVwk_8uBOGww,3
xGbRDZKdywBMXHNYnDanHg,3
s_H7V55b2Kkz5rdZ2WbWIg,1
5OOaThvaiNoXIv65MrQ9bQ,1
_K41OnUgYSoRINEoUsAdeg,4
Dqh8m5HdplXXdsLkx5MqYA,1
5oXjYLUhAS9IqxfRwFbfUA,4
cieLLZHmWfGSdrquiaiytA,1
_Br6y6CbatpQpXsLv4M_sA,3
zkJAZC9lgf1sXq_mKvz-FQ,5
3-LMPWioky6rI9MzyBTZWg,3
PQg4PwQ-shzih-lo4KlUJw,5
020SwBboDhWPA-bHyLR0vg,4
CcNKrz794Ea6TPdXefC3bQ,5
7FQy6Ndb4KXRLe0sI504AQ,4
g9pI-jqHVJqzro_A5guURQ,1
PhfbNMQm7sIXFaAlgPJC2A,4
dgw4fK7Meoz8WLzxUJIz_Q,3
cXa_wdpFQd0nkyXA2k-Hfw,1
P0YiXl8UOt7J5Ff984RlTw,3
7vivaxUu8wOA8IJRXtx-iA,4
sClZRCHXz6sau42bz9oZvQ,4
Sr4Q-2ystuZcW-4d27N8lA,4
XmEEYWrL4dNq52FdlZL97Q,2
Sg_1jMwumPOeHNBnERuv2Q,4
vNrDAn69aDoKWuiCMKA2Wg,3
PI2j_u4kRo_elJkuGS2Bqg,2
O4ynh2uG2XipvsSB8vQMbg,2
mwwfX89L5g9q26ZlbtN9yA,4
5JoDXhpWkqjRgvnlpKrLRw,3
SBN1KxdhIQfrNzizSTdLxA,4
Kb45k_XQiTIgR70ZVBYVfQ,3
_FpEPCqlNRLDUYzWIEFJuw,2
2wlTLLqYa-DbTlrDxicWSA,5
Aq9HWOqnuxvqfExaTHR5Xg,3
nWXbhRL_lj_iwa1l-y6Dlw,1
qbY78S3c8xLg1wtNC-sGkg,3
8uLiio2c3Y1FQ4xmVS-ejg,1
eS13UsH9vYS_0_ah1clQmA,4
EBsYYrWUSM-GfVzmNYCk1Q,4
WgKAlVk92B9oa6eLHcXgJw,1
mNHO6Qppn5QXKI8z1Vh01A,4
y3d57hrdEYbJBxTPtM8j9Q,4
fhnNvrsufjxGHbnUveshuA,4
dNJvg0bpR9K_Jy60gkl94w,1
C3MUPh0wIOt_mICDMwQLKQ,5
Ne-UJLhkn7vtwQvlP3UXxA,4
vrmqQgeidzHYx4B5Svuqgw,4
9NJTzA_nmAiKPmP2VuTL3A,5
vkmNvYigeDIrjrVYCFMqOA,2
xzkRbYGVb-WmJ8jwBZoKag,4
ifpW-zDb43QfBMvtBI_MnA,4
jeO2sSf1amlcc3osUL77Sw,4
rawe7SvbugeqJl14zqThhQ,4
UmeowEaA0KN9wPisrzZSIA,5
pn-YJEqtCXsGLi_qQWoMcQ,1
7ykqNP8vX2Oq5adJAD5EkA,4
AeB6OKnwNGKajQcKYw1d9w,5
cIdsZvH3PFhtN__NIMpa-g,4
Af6Jnf8F5xBliuixStWF8g,5
GbngiTN1iYdN4MkNnxoXcQ,4
PDsizZabkBSD0NMSepoiJQ,4
BiPUlb_SVNoCBG--LrIKSQ,1
JYy69feKY5KL63BxhLTXsw,4
dgOxSHxDEUbvCPQo2Hho-A,5
DFXVDpt6vbpz_zfkqh4RFg,2
1_J0CN1S2jXYSjWrwkJH3A,3
LdigQwPWVVvhw7WqseX28A,5
vvAjk2y2IlrjKaX9QJ959w,3
QJmlOpjwwDO9pmmDZQRWdg,3
i0rHd-AKZ9FrEXIPCl5yZw,3
r6TNo0cv_oQ4aRPFm0EYOg,3
FzZd9YnbP1UQzNx0JKu8_A,4
xfF1-E73A4uh4DGxjU7FBQ,4
iG7mqKz2lTZPtpkdB-0CnA,4
IbU7ljiext-aCiJbsplgxg,4
1ElxUfhAr0sLdmHybQZazA,5
xqE1Gv8UFRDyBRur-NfeOA,4
fzOMgdizc5SqpiMnHGLjXA,2
xPX9-6_-0y4WUSK0NEJiTA,4
vzkYlKmKGTvie2hPy8TtXw,1
XuaKOjgIw-Jt6BRS2p7MrQ,1
3HrD4Ot8EXVTaIjD2TxUEA,3
bCk0s1-1d7powZxUnMrqxg,4
wOQFWoWcUfmUQhrxkWaABQ,4
OydkLqVHKbR94bvVb70sSw,3
MHYLSm0g2t5cmXgSVkipSg,4
Koq6loLHQDLDCrjGd85cpA,2
AnvpVgHIqf2_AXT0HlaU0g,2
XA1BkbjRONOerZk650q_RQ,3
UroofmmeGWB82y_f7yIv1w,4
4EyaROnW3ZQQbrGOquWrlQ,5
1FXcob1zKBGe-31BGWjW1A,1
mPfxfvGiPN8ZCXUwC-MMbQ,4
egiTqrJvswKNzICj063x4w,5
BTR6vEWAIosklcAfF-25Xw,5
CFeqGBvmJKExr_DrKi7r2g,4
lHeGdeqIy86sDSsLixuilQ,1
V2xFibioTCa3wgh6bgnY-A,1
Ja4IUKYZUcaKPJD2rOXCvQ,1
eDD0W__-CaYsGTx_n61-8A,2
RyPBdHRXVeD2U3MRsaeCTw,4
RkrBJgfq4giKzEObwCEF2A,2
wNFKCFor0xqhC-xCMCvsBw,4
Yf7TLYIf98J9rJA-LjYOpA,1
xksrfukoG8hCrE_II_OQ8w,4
VfuknqlxnD0sa1-hpmsHfQ,2
ZowkVDoH_JPMUIQ0mfoUyA,3
5T6KVY7-dsgMYTP13JJZDQ,3
eYkVjpPrMaRVrqWQbQRmYA,3
7YS6BavaQXhV3sFbsjHtbg,3
mh6fDq8KnHjikLmIHDMcdw,5
gtHMQZCLu2m1OfMs_AuDjQ,3
oNekufUg5rLdIRWBM_RyYg,1
Uszwd-8YaWjxgzVzlJJUww,3
jXRrPrmxELLa_Iw2NnPaow,1
y1w59nEzTYnVTcW9FqPJ8g,4
93rLMdzFtTkoAqb3uW72lw,5
DEvfMF5AIrrqLy-0zX_6qg,3
MD4C9BH90qM9t54mNvxyaw,4
9Z-eFbd_kn9ZlEEKgKuVow,4
eK0sWuTQ5X2OcXuP6DCsNg,2
K0ea_C3v8I26h_BeqDEgYw,1
q4FoEHsKhtkw_FlXwv-bJA,4
ldiBMBoWDGNNZnqRSIX-hA,4
_MOFuZH-uHlLjbHJ81PEcw,1
p8020mEJHhKjqe8x5QyOEQ,1
nukzAsyjQOcYRSz08rtyKA,5
SvhBSk31oy-Uhmldq2Pg-A,1
71Ato3U3TgCLo9CGY2xDbw,5
Wb7icYmxWSGpVnOqCD0_Cw,3
4f0d1Z2LoTlt03MKfoVKwg,4
RZaxOvNqUIiJQ_PjrZCxaw,4
_JrZOPVhGe6zxERb5sEsng,5
7UWHowWtiPnBB19IV2sLMQ,2
WNRCsHaj6rByNFVAZxDrcQ,1
NetsGNKAGii0tYfDECOQ_A,1
C9GqbRU7zmHQCMYZhBfFHg,3
7FaMBBfthvv9eNedUy-xCA,1
oxBD44lOIudtn136s15KoA,1
lgAgzNndW-SgfX-kkG2TMw,1
w2LgGh-9laVsL5llFxbcog,5
34QYS8SZY7vR0LIo5pyatw,5
I-wpeTBdVZQIr92CXMbA3A,5
14brCdCkdiRgYtGvWybviA,3
tYu6NIRR72wUQozIFVq8tg,4
hdaSpjMetDJCIki2MyBL3A,3
zOq4Fd7lMNf3S0gP7kGASw,4
fZ_avGBv_RJv5-r8h3kPzQ,2
a4ApQ8D5rbbhKvGZUD21aQ,1
wYJq8QoP7rCTf9FJcKVKFw,1
IUU7FexTLboZuO60Ss9nEQ,4
5bRwO3mtsd4mh2efK3AsOQ,2
4dnqux0TzgUBc6B_I9lH3g,3
w8ToB485gGrWNbVMlsgjdA,1
rXZ77vgs0HRzWr0Cu-Qu4A,3
o3W7oY2W47LUqeJl3qsyOg,1
fxtOS9zoEAAl8jkSCfASXw,3
YKYGRp3LpsY1gP-WOh6c_Q,4
V8tg4Oo0qK0kQE7Bpr2liw,4
CMPat5c0TfI-ONFFCpcJvA,2
Hc5-RDzY8FMbxnPOivoNJQ,5
tqjlGSw0reCsDincYzCKjQ,4
pMb87-J26UJh2BuuqDFyLA,2
2qs6smL93-vZy76GsVKEEw,4
gztjqxj9jGyVau6cVW_-Aw,1
9_wfCKsC86yWr-h_prQ7XA,3
8AQfCvHgfrC6wDkVtX0u1w,5
tqAhAWYkYwEnfhaxiXS_Pg,5
Oh6Pl8hbMTmOiqH6yWpfDA,4
v2ZFP0zjwrkmGGKDRNu_0w,5
3hBQ_8piJMGC5Rqt7d8vMA,2
iRTJ_H6cnzuAOIfpLnEYSg,5
Lif8fBlUNuc1NEEwYaj5CQ,4
zj4UJ3GNahkdERtHpL5FUQ,4
-DKkekHJKBoGk6SYitPWUA,5
U402LimeYLU58A9Nz9NOoQ,3
O00K8ZVmR0e_-NZZPUxKKw,4
7-jOtQk_BsAlxOhBJN9yrA,4
jJSkcBUf3MDC3rcZXt3saA,2
u65nnF7aYnoG5mYK6MODbQ,4
r7_NolyNgogxEmHnICEbsQ,3
o2U0507DkbV6pH-7ers2Vw,5
MlOl8cL3pZqcdxNsPR2Xjg,5
CUskL4j-JD748hcNGaA31Q,5
6hw7Pb7SVXfecBmCicoUEA,1
fC8l-QKswk9E_BtOs99hUQ,4
wSCbq3HErAUh-dd21Cfgog,3
UaUgZ8pZbryXfMGjriAKVQ,1
avmsoZSp45LTgE2yBYwTVA,4
_e6FUNzXWDUfr4vbnilR-A,2
6dpam4MSoLyLM5jMeKjYcQ,1
JLjth-cWUDS1-_YSnTPovw,2
dXXlD4Yjx_lIWoNaPwORhA,1
l8B3hL0y3xbHOknCduDBjQ,5
DZYU6yP_Yq8UuD7OXEuT8g,1
E0LHepKIVvRE0VkllrQxUA,5
llvNAT5gWbN3ETaO4NGp_g,3
4Otg9Bn2L3IwCJFgRSgvQw,5
lGz_36U6oY9ZujGpQrnldg,1
6lISaBZd6e6XfvWTiVAe-w,4
kYoZPQqyHqaNfvjkFTtDTw,4
qcKH2p-kwUdJUrj2qzlmxg,1
eh09N0Ll0vZn-MnyYSkoLg,4
EsYGafi4Zb8xKwQ4rebEqw,3
lt42Q7jYb9eesFfdfGJ6_Q,4
PtxES7W2ju2JMMRYze1Zbw,4
9KoIhcTes-5TpMrAFhUnRw,2
lazcjeYXE_fBg52N9Zk79w,4
6Lz8FA_L9sJzsU9FjCrJXQ,3
iycKtxO8zWfnR0QX2OZpJA,1
DsXFitEeOjJuLHa_yB4oAQ,2
5gccEyS3XF1RFleMDdPcFg,1
jh3jT25Bx-YjxGV0yqG7Iw,5
CGgp1j_IAdhT8MMmXlcNBw,4
dLAeinzobHvIPZTpOeIvrQ,4
cuL9KNkf5jkGifDpzIDHyQ,5
dljwTYB1Z5kbnhkIVLScaQ,5
2o2Sg8ROuviWY6yljXMhZw,1
3lbQn1nS-JCsYzu5UtnydA,1
hnc3ePDOCBRFB90CKqPd0Q,5
Egxq6iJTNlrlhFj15Wwh5w,1
cz-Kz6kfE_8Y6QlQ4eikiQ,4
pZkx3WsVkIyEyfoostPtkA,5
CuR9PQr_UtV28_y_eWMhiA,4
jI5pJhpLvwk5tzPZHKmIvw,4
pOwkMPaC_EqaXHwsZwRVgg,2
vYxi5aU5BCj0LFyiUh-OHg,5
Sc0_PH4B1Gv6dYgQOJEQig,5
nNPnQRz9qKX8qzKs-bMy4Q,2
onuly9nbHNFYZ2vXm4k4mg,3
KLEzeVBtUNgutaZ18jq4DQ,2
yXdkMlDtzRwkC-lbYpZHOA,2
5nto7M63mk2OUUrw0-n2VA,5
Nlj03ys9JDB0gRW8p7OzXQ,4
QTGwTTYELaxpl8vADmkdXA,2
N4pJ3HC2PntDp2x1cDtqiQ,4
I-aI4VQj5-2UtBckYylGrQ,5
xMe-CtdBFfwB8XggldtYQQ,4
l1hp00QH3y0Hz-vdLCKJaA,4
gNwEl3flGUfdl3QWcNog1Q,2
mJ5wEbGQrk3cEVRAhetBqQ,5
9RsYehK49zE_VrCwqHOg2w,1
_XQ4eOSCRX8hSu9_Sv2oXw,4
tAHIPuVfftUVY1cCvlnCcw,3
66Czr9QE4VntHzrgX_nK6g,1
a6IpOVOQfpcqpefVPT9MUw,4
cH6_1dYazfklP2UJu5wmQQ,5
R2giYMgm2aMm-YbxsgOIQQ,5
sp9nQobyD20BjyWk9UfVTg,1
mY0FbG14JhYot_XclpMojA,1
FQa4IJ94nqMUJ5uPWIGVTA,2
EBLzJBWjkWYywTWvXWmdoQ,4
hQ5xhtBDIEiwXtJcEOp6uQ,1
SW9v0fZXNG54Hh9dsBGaOw,5
zxi60_0ygDVWVFPGGfjgVg,1
EzMQiNueUq3cRAUwIm6F8w,4
d70iF4JTt7SZK34ZaRScQA,3
FNbQGJuNQQymhUGR8NVxww,3
tjf7Eibr3Yy4XwlJI0nZHA,2
_A-hfy0DqZCtHRbF6Jx_lw,1
iHJFV6se6p6V--XVtP6-fw,1
FWSvghLaP-rH7DB0AlPPUQ,4
yJ84PvYmMC7VFhxUWp2HEA,5
wGINlUBsJToqCwJEwTYjuA,1
86svk-Y7MUIrh8zh-Yq4Fw,2
xukgVANuFLqptNEVSqDQhw,2
-150b_f3o3BNdrP-WJ2viw,5
KUdtYHCwcKipNHJED_oOxA,4
Ufw1JzLa7KAFXmNxc8hvgg,1
XDjtQfsholynhlRLPKDNBA,4
O0lMLw-8yEEWN1D6VObb_w,5
iolAuNQN3VJ_1Firzvm5BA,2
3nbC7hqsAU4IND_vQ95H1g,3
d5jb7UiDmZpdIh_HttzUWQ,3
3vaqXJMJP59U1SfmfvPnpg,4
M8fBkaMe6RJI9fXhLoreKA,1
xfM-g1c6anVYtdSclbUmWA,5
aF-U3ypf6mClUlpDBtXyoQ,1
IJFrTO7JcsgwmQ8XwjbNgw,5
ukGsVU8ONs3iJ28OJ9s1mw,5
kr7ms4IRiwROvnWTxF5U1A,5
ckT7lgAV7QKAHmH6JGLfmQ,1
B7WR9X7TThogZIfwhkUTZw,2
6Po3xBuw3VaLsU_hlBtLQw,5
iykpKio6UI1UUewmQdyCrw,4
VZklCqla8Fs5BKkXbE4LQQ,4
Y9NaTWA1n_2IUhG3DLBIsg,5
aQYCAMVGOfaJV6t0vCfKZg,3
J29khZ2awECAQo9g6B_01Q,4
5YTRAG_qfM9dpc-KiJDmfA,1
Mip1kLa0UtJJnbAFtAwOqg,3
Mnm9ZK6hRA5Y2yfcoYZ9Sg,1
eqbNAccWdsJTcCry1Ar9-w,5
_0Ou070PbUKDUrQ0Fjt6pw,1
BhNdWE1Oh307Z3AKMlQcfQ,2
E3JmipwBKF3NLEz9lgi9Xw,1
yemWFSJZgw0AmFjVMtUr_g,4
1aJlZYliLZkiHYUXYQUpDQ,3
y2xrSSvHCq2ZyzJJwSCXEg,2
2Kl3Skb_iqoI4aa1dPe5Dg,4
XCcMzIDarPsq2B46mG2QpQ,1
4r9OPiJqTbcbLwji_hmbxg,3
6SMWpdzwn8isppZWhftv_A,5
xk800FEmgZomO47xkAv0KQ,2
Ykp5Xd6ZRDOHbsRbxCnX5g,1
CBYNhW-5Ew_5IMxwfoFg-Q,2
inYGqx5J00GTK3Wx1dQ-9Q,1
4q-nXaHQdysEW9ctt3woVg,1
mnqbOPyFOj-PrJkvpOEA5g,3
b94sj0ccWFJncfEaL8nQuQ,1
girqnDFLXYOjmZc4R7G76w,4
lbNSeYmYbWtj2_3TrAECMg,5
44oaoOV1qRaM2QnYp8rFnA,3
euSy1UiCZ0yWTfEdvZRhEQ,4
59g4k4twbp_okONe6FZW5w,1
RTGYKlt7FlvmH_gnEo2E3A,4
4Yr7wxVzXZ4pJ4KxfeydBw,1
pQ5Bj6CS3USn_Yog790yLg,4
pkC_90i7JvRFp05mOJitWQ,4
4XeOuvBOkOkti2R5wmnyyg,1
CpiAhed3MCtxzJ5z3pQrgQ,1
v68PLdAIhobriLecg_euKQ,5
4HXuQbxfTch3veYvoQl5rA,2
fUAyPDXMmSG8FlOhiLX_sQ,1
_EBe4KAlzsloTA8xyMzHHA,4
FhuC89-vGlTyXlWYJQk9vg,4
gZKHQqLnCcWxqytCTodImg,4
C9JVpdljOuVXyU_6mH4RBA,4
LBOEO_0v34RfXqgyZHvBjA,2
opoxRpWBykdmbsor1t5hBA,4
TgwNgrfj020Q0Wc3LeV0sA,5
uyHDPXkvQsfURgekxJpBpA,1
h4DaA6NO_sfdti91Ye4kow,5
m4NqEcWMng-3XL6M24JTGA,1
6r-hvhGas6E2rc5o_DiiwQ,1
dqieuZng3Hjb8Eegk6vi5w,5
v258QCKvTDFJI3y5z-P5bA,4
f0Hi85gO5LBqsKPUWU1blA,4
3hhxezs6Cxt0MOSrWIJu1A,1
xiZXBzbbruzWKfg_OsOM_w,3
_e4fFYx94U1T6DNcdDeU5w,1
6Jj6pBRRSFiPbEwa1mVXqQ,1
qSeT6pscI5Zt_BFg2aUYjQ,1
5l-0aHhK58MRhDfGmU96AA,4
qcDyX4cQeqRmK08Ozhk30A,1
XtZyAzv8MLMD4L_x3FvapA,4
JJXsV73D0Knnh81IYDTuWg,4
8ni_WJnGWmJ19ggsX12IBw,3
sIN4ndab3BCg6EK7Nu-rRw,1
fqZIT0obJ4u_o6ICCHwT3A,5
Y4Pu1jCbO8igOK1jAWTKgQ,2
eVyhR0-DQYohcn3TvYOazw,1
wNvoSFRAH0bUjiAxALvo5A,1
E0p3CcPehyGvT5TpJQeouA,5
K1XPXAAvXVZufMhtI1JMnw,1
OlH7ofP1j58uhmkLZJrZaQ,4
uq0hTxNUVTFMwj5580X53w,4
El4D0iuqAAnLjpAVN4VssA,3
yuwbV4vtYheZBW4gMDLxgQ,4
fpdnDdssb4k36MZ6XkUO9g,1
90CXb8MY7begKcHgosdlwA,5
oftK0ATquBo4pdst1-BBBA,1
oPjljyAb0CpI2Af-GxHOzw,4
goGPMpwFFdlHngmOoA9f9w,5
I6ObHh2U-ICXKd3155fTdQ,3
eFVyN4USt9tudNGY37QFfg,1
juCcewiqJ4GNXVR6nJMJcA,4
PlLndvzVOIzggOCj_3clKA,4
9pqVcIbL-9VK3iX812zKYQ,4
stidEi_j6XAw-xJrqBgarA,4
zyvJXRTQoLouYzMdt7eq8A,5
qkcfR3mWeOTJi1P7toAnjQ,4
B1wx_u10ool_-0rYd-g09g,1
eMP0NBs7FMYcksi6XviM7Q,4
fhm6u_v-j4EozBWPGgxOQA,1
qvEh5o_-xTJBOSMyEL7egg,3
b_TLNyNRhGb48gIBXoAGLg,4
Qm6okMKrKVadbF9qGvcpeA,4
_I3EHDY2yqa2btLyJ7rzkg,3
W7On7CK4P-H9i45i_RAUXg,3
mu1Xgs5h-WjSrqLHmDMPPA,1
Jzr10P7hQjwa8bxKK_EKLg,4
jWZlO0lp7iCcNFuMCzPSrg,3
tNR-mxN7dONHWhr0xF9Wmw,1
7IvQMhrPbRV-f8EbRZRCPQ,4
-QH2Haw5k0V1vL04B4CpVA,4
xheigdh0WPoshzxwEgbJKA,2
zUazoW-bQqAZ1LpJAZSG0Q,4
uNZxLK7dGPO5Fmpvp5nCfQ,4
iCPQy3YfY4wgMuH5X2lf3A,4
z7V_Rgx-uGgyrDRarRH4Jw,4
kEjN6LP91b5r_t0EKabWig,4
CAkgfdvdCn4KUo03kMk9Mg,4
hYrT2iX6CGjy90f1hZg3Zw,1
rvLkjT_Ev0T-tSpP8Pb9FQ,4
JaF9OleMF9tPz52GCovlTg,2
sle3NtSVH6n9uvgdkak7IQ,4
uMjozuQAhR-MEYBu908g1w,2
m_F0JMZKoD0dx9KDj5sYKg,1
UzY93BNqHPTMo5l-CL8ARw,2
hHzzNXrpdM2h0EXqeGDSIg,5
S9ej_8SgG_Eg3z2tDVpuyA,5
VetgHhYpX_mAnnWFW_oNng,1
FFUxQ1RCQgFBhWhScVYBQQ,4
fqRhYGFZ94r3J-xPvJjSzA,3
DTQYJ3Ma-nePJ47PX1N4Lw,3
yJqJWl00TsVHZo2qoF-Q9A,3
kim6oCWOlzH40ao2uR7hzg,1
5ER67p87CZ7Gwe4JOQ_sfQ,1
b7TNNG28KBqCrtNr_C0eqQ,3
sn4Gn-fL8QtIuxE90wt5WQ,4
jFVIOVffPCheJ9xI9ir7eA,2
q4BBwbNB-YmYVoSsBamnDQ,4
P4rpsvPovb4WBfxAbld6Yg,1
R9865JpUO9WMQ0A06exgig,5
1YJdGDnOYffnywykb74plw,4
ieX_AUwBJw3tgPwcg_jSPg,3
ObhtPzmeQXopk73zfZ-HDw,3
LJxkQ8jXViERv0AMTHNhoA,1
qsuhEPJfD4GmuWdeQzB8bQ,5
cUXLN3Mmpnu2GY462zV3Ng,5
6G-_yJC1Kq3LROxRVX_eEA,1
bjk3FApPULJp7NslrtOYoA,2
STrCj5w3Hd1-z3bjDHaPCA,2
gi_V6yb_6bGH6nWNFV1YXA,4
i65s9DcFtjnNefNwweLg8g,5
PHExQTTXjsQVWfLNf_xsWA,3
dRUHMfEDrBKGzzMCy-RSag,5
srARMytb9Fzwlk7V5tzyYg,4
Jqu8klSZBStXcyFQWm3RWQ,1
kBQj_RY6dcTiv-L_SyhQJg,1
qab6GDoNC0jUjq97d3kPDQ,3
83p_n1HcEIbfJuR1DuUC0A,4
zxUumI21U5oyiq6LKWQNQg,5
mqFyRznUT1nQ4YaTb58uRA,3
pBtoIz5jKe_gCyoGrAVsuQ,4
ksG0vyOVQBUU2Y7vgaR3oA,4
nN8LZLtNyaSyJA_WHKvreg,3
Id_JtZCqcsbvD7LKUumQZQ,2
DQZ_M53lah-E5oTxUroMpA,4
zhS5eSZkPdTcsT7zpBcgOA,4
YbSg9VAAuAEZzszEsdxIng,4
vcFPd-kLHrMP6zRl9XRbTw,4
JJVE0gjF7FzvJ-eWeq-3Pg,4
nitxesZB5LhFVTg911ErsQ,5
rBcQMHHHhkzg5ZYbJee1ew,1
D5Ku_E24MQZvklwX4cmpzg,2
AGEUWTYDDj7_F20Wh2i4rQ,4
UO8133IlyiOli27BzLCaJg,4
xSQqkWmJrcqvSl8zI7M46A,3
OqpuGdJSGCW7aK0VF5IGOw,3
kBlXNsqCUlavA3oeY9Z2gg,2
J5xgqruvjRjRMOBuRsmobA,1
UFmnQgOUaNi7ZD8RFtENag,5
VGh0RPVvI_FnWL2f34McwQ,4
dKu2MKk8d3WcG0UGjo2e0A,3
Vsj33jsgbrVQduFdu0xcjg,1
ghKvb4nPRY0mXrI_emGoiw,5
fOESmIgCkhtcOrYq7kYvqA,1
sLkptb0QrkqFh2N_IgVptg,3
NK20yfQPcXKKC80jcoayhw,4
Qmjmw3Sc5XzwHMPxZ9uoyw,1
RmK-E71DTWItQiEHj6wVqA,1
xhc2xZl6EjYq4f7OQOqlCA,1
lbPAhhah_TPUnlMNfWLNyw,3
jOuLOzPKjizP2wdzLEMaIw,2
VSr_eFVT-KV7HSGJC5h7VQ,1
ZrX-UvWzwe32bYJva-hSvQ,5
9u1VbLkjFgpdaLvDZxOakQ,1
tG3kDiCbCg42HCgeF48csA,1
qfFWZ28srKQaz_oReEI0TA,4
p5MLWz5dIEaMiHmZHqCfeA,3
gzUr9EJdPT7F7147nShXFA,4
G_4t5LB3ZPmxQfF9XG-nGg,4
NB49vwtP8esq3ys49MThKA,4
psWofhwIJOtuJ49aP0Z88w,2
MHosGstmoIxev1Xb43RtKA,3
30CICcuhxXVCexqwEaTYtg,5
FEJ8plJnxi4NFfgIeKPEbA,2
ecY4hM-YtfJzM6PPLUiaaQ,3
2f5r6PQMp7kVrVWEdbD8DQ,5
-27f_EnoYv84hLSxuc2j1g,5
W5P4MBsA6yhi5FrE2CzltA,1
AE5C5IyOJT7j7wo4_1KznA,1
soctrgoyNY5RkK_PF6j48w,5
PQTv9ydfNMPJLKCjCQkpwg,4
IbiloSxJk75QZ__CCsHeaA,4
KyiP2viqNRhCehKFx5MdJA,3
eIHZO2Xm7KN4n6mPWLnLTQ,5
OUlQPelY6hluXyB4brD_ag,1
MHeWTXSSsTtBHGEIlv587w,4
pPckReyileFpFNBziOQtYQ,4
4rWy2lInGhaKDNOyDjEQ5w,4
UEoOvM11Q1grTFZFefa97A,4
4Ap_LifsZSvGlbps-kwdtQ,2
q3ylD5UZzHr5RCr0UCJ5Cw,4
NUI_kU7fsoI93Dmsf3pk3w,1
ggXVpl5thhMu41tQNrsW8g,4
VDkqBpD56edJYmsWGNIGQQ,4
WhTLdUxl8pz5yTdOy-YhRg,3
zHY9aSho3M3RbB4DMVNNrQ,3
in8IHr1uU6AExuxwGqfW8w,2
qQ2LdiWQLvqHkTPbc7atPQ,2
5XP0BKXMyC_SSu5AvdpNzA,5
0z5JTodWQ3mYZy4HI3F1TA,4
unLCrHTOesIZWmwEwJqEwA,4
EDZdj7CHDgOallGAPkn4sg,1
t15tvUHO3cM1UrWUeGiTzQ,4
ZGyHhMbL9MD0ETDqLma1kA,1
HV9ZGzWpaGMvpxsVk5S3FQ,2
i8-SqVqqtpN-8CW0CQFI9g,4
hYD0w6CNar2Gtolcc91FkA,3
pcMo9fppoLAXTF6JH4e3Vw,4
aiwn6K170ciz_RlaaCFRQw,4
h6TTFF9KUpMANtyhUjl1Iw,4
Y-CTHqsLDf3egYay_sBKKA,3
ldPm9rpbdUiFADtr9MPMIQ,4
qah3adEvp6UJ9MaZckcmBQ,1
f20z4lseTShO40kTRshSiw,4
43kUD559QhqCQz5m0j7YiQ,1
5AUMyN1karKmOHLauZLIog,4
Xu6xY38YCAiYLqSMpITKEQ,1
LrBenCFqb7wqHK09H1kKWw,4
LWA2-ckbW1z-yi0xNaT1RQ,1
Epj6nI_laQMPFaBNin9ARQ,3
-exJ0A6LCsZpvJjvFq9PvQ,4
WejyerAJfkELMKTNJUSidA,1
G4vWW9b06Szt6vro8WZm1g,4
wuhNRMHCAy2TuF9eL003Mw,4
eI8FZ3h3ENJ5kgD6-gMpQw,4
L6B7e9LfyIARoirP-UmVKw,4
LZFpKhL3VyNy1x7p4Lw64w,4
lLr0Wu3DTXQypxInddBeHQ,2
d-PJ-Xf6Xe-56G2HeaK1AA,3
A4883KWFu1eePr1ulus4oA,1
Z9OqQjMbwMeBGYARQMgqvQ,2
_sOvoHTj10i5dssimIBbUw,4
foUVEFcIOEIjWGngJg5-tw,3
g55J4p4CyJkm4i_GgWLlbw,3
y5KT8HP-IjvlLJmCjwwbCQ,1
PL20QC7yfseBxI5rYY8ZGA,4
hphv9StC52yowITKNXF5wQ,5
Z7LE2m5tYQTaE9kHJQ59bA,1
oHLulTrioqNFOmZCFJE6Qg,2
Izm_1K-qpV1hWdJNjWlnsg,3
nk-myFXEVygFDrUgDSfz-Q,5
35E3xpuFFfIjq2eYzt60Vg,5
YpJJwtZWAxUVj1tbtbicXw,2
_WzE2Wi_apGxIjnnijUwaA,3
A9spQAVK_UNrhkwDbAe7CA,1
H9K37VX93B0wKIqNvfiMTQ,1
KI4qJ5bow7g-CF3y6GidGQ,3
ydCADnLbRYPSgokD5LhP-g,4
pluqfeLo_8KQBteyP3EMQg,5
KG2Moqk7feUsK4wakw4hnA,5
W-S2Z28IafFYGqMNOv8D0A,1
95Zx8s5MF8qchvNEoUJvDg,4
PZNWbbnFzT0zMNbLgjAxWw,2
XDvZtx2PYJskfnoblqIp7w,1
xCV_PbAdHAsLET5dvqHY9Q,1
cq9IqFF0Hv9Nr_Ea8NSQfg,5
gBRSfdtWzl7A1eDqGqpsIg,1
zqi8k9XIFqjduJQhqzV4fA,4
QzurCstPGSZrW1elqXBEvA,4
neHyEXa7lT-cky54kdvmGA,4
NtBKaXMJxwo6XI5bkyCYcg,5
5_KHB6J3rtG3FjuH16DjkA,4
1rfPJeHJqemmnkfOMIUKsA,3
oDA6jHg1MNzKX5ZrZ3Lh8g,4
RiXvBBsS9rH3c8tknHTZ3Q,1
loh0f8CCdc-IxrjaxPeFvQ,4
fh3CDHHkIQIFL2pcsL87zQ,4
t9vqH88fmPOzxFg9satLkQ,1
fYnRzud-bRR3cBWGc5bUIw,1
pqexo-ly-ktekuM-f12bHQ,4
lCJp0hJ5IEuGdckmkFsipg,3
ww7C3ura223ohf-UuuvsIw,5
APwelvIHnJADPAto_u51ZA,1
5KigXgOA9xKlzEmkUG3AZg,4
BC0_ggYKu9vzr9P5Y0ReTQ,4
yvUH8j6rQIOx97l9iLw_Dg,4
5ivedROQ6QSucR9kp0TBwA,1
sAZYvLQGCcc4CukfzoqPYw,1
AhWU27OUCMmiBPNlTpKp9Q,4
EaOYFjUi6YAoeUKkXSF4sw,4
eokqokgPj_8wOLihR6EU8g,5
9Gvfha0CSltQ7ogWtp9kUg,4
AGoXaMwiRYF06I4SiCZBwA,1
0EEzMwIzgrij8Le-Epo0tA,4
vaSfh4503wk0jxXOD29OIQ,4
HwEBiNTLw0aiOTHu0DbxXQ,5
HPFm0SlvXSEVjUa-H0NjcQ,3
kgeWbAzYMLM2rQVwSA1PTw,1
0tqQkaf8_xgnQVPXMWsfHw,1
yjzgay1MhLwIGlJ78Laf1A,1
0dEBF-rc3PHn75xTp86JRQ,5
-BmkspZ1hYCAFAfChNXRjw,1
xGPbvthKaMxQmG4eWHuADw,1
Meh9sNDiBi4SdrdfwAdXqQ,4
QaRajf-ccJT1AOEOXcGvRg,3
VyzTNt130CJjK4H0BI4z0Q,3
IaHdls2vScDXsdDTndhlgA,1
Gg-X-aCli8i5sQTwaMxVpg,3
p8DKv96vzf2TF00O2Xv2Lw,1
O3Hq0sYE9SXuhvJZI5UMPA,1
YjsqIjwnU6eVs2ZfaFy2wA,3
DACZLiOP4cugPgB6lFJWcw,5
QrpUWDiPZtJK8756z3SIiA,1
NsWWbHbkCK_vuID2C7Xpbw,5
_x2ZUD1ggMAAa1KwNw5F8g,5
a-93occaHj_N06icI4aFXQ,4
nkGmRsgM8PF8nS0jHsQITg,1
EkB-0raiep-XCTV_BgbxTA,4
TblcEOevXaQHed8AXSQu_A,1
bOOnafz3SV-g1dlMuNOwAw,4
kGV3xUWvMEGun_YEzlvwtQ,3
mM_NJ9l8dhp_XtiWneg8SA,1
JKXPOIQfuDgVGXO_0RhViQ,2
X8V2Egx4Hu__pGE9mdWlLg,2
_ZHQtsYQVTQfz85huWmPCQ,3
1lDVUWweIF9u7Pt81rekXw,4
qWIATfAFcEyMP2rbigGKXw,2
UGQn_5WGtqsREk-3_ff2ow,4
sJkf6nmnN7jIAbo4QbOt2Q,2
MxhnKKpVFK2HaRY4BOL7_w,3
L54iFSsdTKcXwnOZtWZvwA,5
AmZ3z4UDlxPomiD_IwzIEw,4
LZP96tucGQO6BkSLr59kyQ,1
LXUMCY3ibN1J5I7CK_Um7Q,2
SkAl13W_ZeU__-wkmstkeQ,4
nGZgAYwhECH49rEHYkTRvA,3
kzRqVQ8YIjfnRLyjaVRVKg,4
hNxwF10dW5_17yvcGYilCg,3
NEMOWGKln27Xxy-hYkao7g,4
_4Qw7wbftIEnZTZDZge8Yg,1
nrhGMrFQV8Eyej8_W4p9uQ,3
vGxzxWxBHm9ItYl3EBTvDg,5
4lOIIUbLem-Cx4aACvNjug,3
SUU7LOq9tpgjQjKLQhPoRw,3
OAlYnjogDx-EXdggKczBJQ,1
zNG_qmKi7nuwaX575ocNBg,4
uRCfLYjdPbKihHp8kqEExQ,3
LKqRZp3EThHP3ETi4y2DaQ,1
ncw5DHbiNn1uqMRERFN85A,5
WRZQHcHS_YUusMyVtT-1gg,2
eXvzDPKVRuDDVZSroC4b3g,5
nk8IEsp6T8AZle05eVjmtA,4
my5DGyUvtXqdEI73NRPd6w,2
7WOgcuKLdk4N_Ptakj_SYw,1
__L2edPUQYEgUcPusKuEvA,3
NgVywHL0qErBPK4ryPS7uQ,1
qnXqWd2FK5_TCyctKLtVSw,3
5RcPBGL5zd9z8N-4iH8tKA,4
IOVhZdGuDT9_e0QZ8jYHLA,1
17p0lgIAa1lTrk1mP9q0Uw,4
6idMK55lR8g7RLuLyBquzQ,3
K0RjL76eFkH1dLfPKoZeRQ,2
NWoNZuHk67y5DPFIB5nvLg,4
8wpVNfgtQO3bud-HU0ciOA,3
n7a7qw_VcK0gNgH-zgJBWw,1
CfQc4SOyhs3Gc_NakEZVrw,5
Vks-64lIcZcLy1zBHX7UVA,4
7dY3Rjfm9BKRLzM7FJkBHw,3
fwsenQlDXmdiKzREqoBypw,2
erge0IM8e3MsNEef0C-7Rw,4
HqMx07tF3seFXlYFHWoyoQ,3
p8mlY-eFepT7To-0EQqbAA,2
dlQPvuhrEo8v_i9sIsQk4A,5
z0sbEkrBt4e0FYPS7v6C_Q,4
HNEoVtBG6uI7gBIWMsIPtg,1
dpm_Jzg7vyQWZUJCdSrnAw,5
G-1xvYp-44ULQJ4y6B-_jQ,3
YVrVBN9z1KnsNqd4HW3puQ,2
vjajD_VFidyn8Yo7ndoq9A,2
NnrVUnINRrCMxFiR-Bclqg,1
EnNCodVLWhxPEEglbJ1pqg,1
6GC7qIfQzNLFXK6UbFcnEg,1
3ETIgNTXxDgWtzCeYFNcjw,1
G3Ofwqs_NwGOZYxCrHMC9Q,1
jNKC8mBkweMUF0FLDXZt2g,4
X9oH0U3uqa5bTj65iirr9A,4
GXk7fVDLptxjh68M5dboXQ,2
GboVDHEFWza-TEEecETcVA,4
msFtWUrwFFajI67aOKmUrw,4
_67k_dYg23-W1eilrIpz2g,1
HvrSuBc_5jOSPlRPhCkmIg,5
WyQZCWhPSCclfTGkYIQ0TA,4
FoEnf38EwdCVoRV7j8jOhA,5
vS395CXSZwY5myxsjPwRng,4
CV9w9nsKS9ko-ig9XRXqvg,1
psSr1uQNuPI1TgHE6RIQsw,4
uiA6_alo4q6WFQwdrXAL-w,1
ZtY5cx2WiQlZxpAxcaFf2A,3
ut6uUseDhThyOwbHt9hsQg,1
x58Yy2QnKVnXvVBv6j3nng,3
fLPZZJqzLjwyurW0C43tbQ,4
s26SxnCcKuiJSDS73VAGSg,2
o2BVpRI_cZfH83JLQBpF3w,3
VVsvv0ul6tznmdFzCf3S9A,4
CVLBQzJpWzMTvcqbB62fQg,3
ybfCqqZ6RuclCSfoLudbuA,4
VSmcy1x84--Lv9RlwYCnUg,1
DfNpAypVtuhA0wvV8wddzA,4
1Tj06QjSeYdXFNahzLE6dw,4
RE3flbQMkx-JmL_CROliJA,1
00vhMZmBUAF2xpyAXcshog,1
B0-UksKALWDbQAo96HPS9w,4
7mPs0V5jVQPraAt_SwX8wQ,4
O1ZTa4pHnSUCozOhmSsStw,4
BqTtcnwytt7qOGbfL6Ns3A,1
boktuIxcYAuF5P3ag4cIng,4
EwW3TJqxQjf3XtAcTR6i1A,2
jYrARxindZADz7LxFGnF7g,4
SI2L5rVzvmFhic18nuUmSw,4
wx45-iHtST25GGFeZdiOJA,4
0V9uwW1PuUAZOPUZk-LZFQ,4
oY5GRoRaohY1a1OAj0IVVw,4
YEf2rug6VdsO6O4ih6we_A,4
devo2-0V7JoVquasKQFPCA,3
i_gigqMBNDvD1DugFSQreA,5
h2x_7s0WvgRUpyuKoYDSdg,3
BWD16FbZg0OeCIkcekkQUg,3
DdiSBoudPlxEc1tw-3Y49Q,1
Geo4utr_8IWSKjFHEPPTkQ,4
adysWt2c3Xwwu83yrEQEBw,5
EZWHqHzYkl0XOqy0SSPI7w,3
9GwElun7LMS98jSXK0yYyg,3
TAAf7WvVXNThAstDqmR8iw,4
J6UIvN9AxxszdeYNiKV-NQ,1
GISBQejww9114ntRunHIhA,3
SdP89vOcWvhIxcpq4ltn_Q,3
q7SSgBsO-uTPRIvZEZi2-g,3
nDPPwQcxIiEPesYGKCC3Jw,1
opVo6HTjme69pmghrhGA6A,1
NdMylPPyoIGAvZkaiNOYow,5
pOZ_Ymp2wWei5wDKcn45Vg,4
TF-XCa1fT-Sp5hIhsAkHyw,4
sUGzdXQPa-KIL0ocYtRoww,1
00nCgFhogsfAuafWrbYiIg,4
g1COxGrss_h4tV4C-oS25w,4
M1hrt5sS4nhAXsP_riBeXQ,4
SET62qdFVQrRwFql0thzpg,2
W4-FZR5uLhszcGXIB6A1VA,1
UvwqTRSBKbPZZxDABBvYlg,4
_t904Y4_caG6kWciICkRyA,4
XFVRSojZOeD6cGX04c606Q,2
LnPX03Tk_mIrOK_2LCLu5g,5
2G8Rz8WxFksopLx3ByGqmA,4
QgfWkxWJT5loF53NeOSeSA,4
kmjs9wjLzGUcqkupjqJf0A,4
LVaDw4Oq9ZYao8BgkNJNKA,3
AEwuUqMiCBKKgFDlsAXiVg,3
f4l6WQbO8Kx3imjpW4LJhw,5
6TIfh-JU7GquFTIynKPoNg,4
pe7Sb_zQ7WygPTEQZWZJtQ,5
YDGIqBVV6jZpk2pTE0BdFA,4
B5wJnO8lQzSPa4BGY8fu2A,5
hdg2EJsywrdr9UcDhuY4tg,2
XjCSGoe7GoVSN7tmtTaCFQ,5
95IroI0Y3pvBvo8N_GgF-w,1
V1MiaXdzSC5BttBBPVvq7A,2
Bv_ffJXvU2qZ8KEzR3J9kA,2
e92Au0vsMlPACUIQ-wuzDg,1
LaqzRqlZ_o6KXjW7QEJLoA,3
_rhHrhBDYNzbNihOCHSQ5Q,4
C3AkWk94HmYzu2d8JQXQjA,4
v_OKE4h2bBRta9WWbMU6yQ,3
AiK9na9ptnDJ2kH0q-SHYw,5
VKmpq8TvsCgkJeaUz1yJAQ,4
T3crlGbbTPjAYc--kZg0jQ,3
xmSP3uGu1b8-klskz19Wkw,2
IE8M64XVYwdoFvFRHs5ayg,5
3oicIHKU8OzAJvxRX6qNow,3
pqgxglqpfl5l8xBIsHALyw,4
I20XOU4SvQTMyE2latI_sw,1
vk51OiQ6fVaT252DEDsYjg,4
80P0JnakD8XMFslLBolNOQ,1
jqnz0aLLCfYvX95dq7sCEA,5
z96_BnbOhjI8h5_KBGU4CA,4
zAg_CJP8UnI0YLJ6rztHYg,5
sDzOV-2tcK2bFPzTBF-Krg,4
xkT0NHSpoutlqkdj33aipg,1
oAf66C3S_iXaw1aGfw80HQ,5
FcIJvQtGtDeEKg2BvgmSqg,4
2Ss7PZ6G6MikhXpGhqwZEA,4
ynlKxOi5g_-b3QAHaBWlow,3
jxHNLnXkLCv1PMiVaEVj3A,3
sWDUH4pznVOxp0_WM9tbmg,1
E3TRVym9NDJ4T0SO1q5fUg,4
8cSIhqLw3nRwoTVhUdy3SA,4
eEjuqum4aLCXkrvR0AlSbQ,4
LxclQ_HqupYb-jMCtIwIWg,1
UsbRVp8h9HYB85KS2H1Q1A,1
lTvUtv04fNopXhj1LMgLCQ,4
J0DzsU7dxDruEBopcUAO-Q,3
xquzq0PuJsxjefJUvbwdMA,2
JfSg9U91B4bokRh80M64jQ,1
JIaV0vKi_e95sQhWQ_gCag,4
bt_-7fGBRm1NiP9bKP7Xfg,2
2CZwUS7AnVKKy_K1zirphw,1
qT40AD1vVxwc73nhl-JQ2g,1
f28xvywIj87s3IldHNzoeg,3
WM3BV2_T0jjmIwHVclZkJw,2
J8ba4n6GJUI7d625aX927w,5
0Z3uLkC_YdRqydHqRNvk4Q,2
fM82XXareG_0KHbdpL6bqQ,3
KB3kN-yplIp_AdrI_gIR1Q,4
W6qRrr4A5IPuGeWWVuSe5Q,4
qJaVao8WTaWDYwhczRf0aQ,1
TaFUNhI3XxhyNTmoZ4NixA,4
EZpV3odYy-iXQ8wfA1O0_w,1
6u_CY4Ic-UlMHFmSxMAQew,2
XuOCEC4q3hGUKB8fSjB66Q,4
soF4pSQF5arX1-fugyoqpQ,3
TLvQMlg_oWrUB6fYCwGsng,5
0rJR3q0F8lrO7BXy1D0ymA,4
Afv8sIv8cGWkrBk9oqRcmQ,1
stdzGpp88J3DZA_1mv-EBw,4
ui8rrYPjnmvOgF7kOjdu-A,4
ukQoQgbW3ogeEHMkdLzbCg,3
YH7e0BW12_1L-jIcLormOg,1
z8kDhl2LIsTWdl39V6M96g,4
sGlnthxvi9ganf5wEMaFfQ,2
asHKdHX2SY9hi4xuZac2lw,5
5eeU8UMQENJfP1_sVf0rPA,4
y46QZlZTJc-TsXKAK4C4ww,5
QR7nQmbdELpw45VmX387DA,5
uYEYBGjQG2Z4d8x7HammAA,1
2F9Kl7dG7LGBA21J-njoZg,3
L-tF4mFRT6jUqKjiOtMgig,4
yN6dN12m3LT--XkGLGdtIg,3
CpFntHqhUIjrwLlcD4tIWw,5
wOT4VFLcVvqgpCqH6kAVVw,2
UkHmTDw5FGC_YeEG2wR4jw,4
O3sehw4SoUeuB-wWpG5Icg,4
hIV4PsKXG6RwwW1sux6z6w,1
PIquIEi4bhBSrlUxgZQGwQ,5
yK7wZ36dsfcPqh3b5f2MUQ,3
r0tMuFFjiDAUuJExQgoJkQ,1
eMNCM0OX5jCtmludYXXJBw,4
AgnwCEwM9E0AV2zgJfgbaA,2
B9bYqJ_OdD4g7q_vqGvrug,1
J-hKMaYHrkFfFboQRo3uEg,4
SY-1Be0U8g3AVyrYvW66TQ,5
qy_7i4RXodL2fCUIQ9QE0A,1
eFkiWVxkZ-_WRfPVWr2PRw,1
uSatsMgRaLBXydDsfhFljQ,4
JE-HYbMxlwp9aCKavXIjpQ,4
03HW17kNWCnVi4XG9p4uQw,1
l3dYELlq3eidxJQLlIr5UQ,4
RQNc-9tYjfdvUiKhVD9IHA,4
spPDvIibNBLdKE5eK-EYBA,3
j6daMSHcyWzktqIcZ-gHfw,2
s1ErwUVCz_JoiYa7az8IHQ,1
iCca4AbkduxM3iEcIzWF4w,4
9dIHf8BIcdm19gVQ2G-mSA,1
d8K_NIEdb7TH9sGejOwZKQ,1
pkGswdYmCaWCFOf4bQiSFg,5
hApTexMpmX3E5raJxgZsbA,1
YmEI17MArhvsZQ2lDbU1hQ,2
l-_VIVn5s-3ns0saZma38A,3
7vrGlAd-S3VTTzpYJL3rXg,3
5iYxMATOhh68pa_7pTwwhg,3
51r3UxRa2sLyL6GfVRvFsw,4
sooPLXEPPvcupI6FqSwJxg,4
v_axeThx0c4x3_5SZyJNrQ,5
DJjw4Dn8I6GshEwHMzQc8g,5
Zyvwo16YD8LkJIO35OWFKA,1
OqPQxaJVxtn_BPoMstjA8Q,1
lslHCjtl2NoriCziXeo11g,1
unVYJYP9_7K6MzHyIK95zQ,1
rcUuktRsxRcWM6pjm05v1g,1
UlYY9LJcQjTjtqI89PiwuQ,3
nG_tNE9W96WBJWaiSft14A,1
n8Uu-a3dQ1_xqBhVda4gHA,4
UbRcfhYVkFj4ZZJuCdk8BQ,1
ZuB5OW9kgyF73gNUrexg-w,1
wNXXBytB9edWtXGUBfaEeg,4
AZxqPDXFLGSCPmXeXX8kDg,5
kQcQKd51CgbjkKOkJMMJHQ,1
9adrCXUJ2n_fbfDb9_Uojw,4
8EEyhHuIdNrWT2drI5_6cg,4
SxxaPb4n2IZ1OjWvBfH4dA,3
isyHMiB2D2IJrxDoqyZCEw,1
QeLeDdvi779p-bFfCTQdfA,4
nRFjtQxSJRimiAobYU2EhQ,3
j7cE4lhQM09vfsDljpvo9w,1
ZWcfKniA10a9xm0uYOhj9g,3
-N7M4H5rLbBPCqJxdrJqFw,1
vEONE__JqILb_eveXKgg7A,3
fy_TczzoO5lmAdCRzFBoeA,4
9ZDEvWz2sN1-VXQczEcqGg,5
0TE5EmhoCFvByHLKVVehiQ,3
NL-26un9ZClxBpnF6pMAtA,2
J_RVfn9oG75mZbfz9Fuz8A,2
4gdGsXTP7EEnl5JGINTJig,3
89bAkoyRHpAtusr_WG9r_A,1
eyMOG420u_wjKQOj5ddgbA,5
gwx_3yZh1GBDyb003sIeHQ,3
wr194tHclmbVwAQDFKXdGQ,1
5EwFiXT12ZSwZygFI0bhgw,5
TKYvJZpvcp94N848jdwpeQ,5
jEihqkpyPXSMQB1oPxRXOA,3
F5bK3MeJjg2mdw-6t_P6fw,2
2pby4BTYVLJmhInLZdTCiw,4
uNOjR5DzYBvfp8rkonuUlQ,1
BwZg-LBswbi5T7cteleE8w,2
0VCubqbVqkAxbdia6mE-4Q,4
6Ug5PszXiL-r-JkEM_aypg,5
bB6sdQKJUyPglaqkMX-WCA,1
4MG6E3oxEJwsWqVIW-valQ,1
Sc3xmgR5VHvLL572l5o0yA,3
-7urGGMFVp8dWHn799iSFA,3
wW_On-ezUAFH3PdfTQWgZQ,1
fXBKX5UKYNdksglf5REjoQ,2
s9fkw1PlnNU5wz-Pgct88w,4
IwOuAZyoQEQ8vjj09f72og,1
VrXgeZP0dD4_uEn5CbP0ew,4
mmc3cSeluKz--pdstDNchA,2
BQfLwN1OW8aKqRzJbySUqA,2
vsvznnHNerpP4ER7tjcxRg,5
KFKUuGpaS7dQBNODhjSgHA,1
MUUNbkt2PaYCfyQo2V-rOw,1
zG66CTHWtYkC_qFMEmnThw,2
79CyUj9NScxXwJe6S6xrPA,4
aqrTG3H6FwhC1j4MG7DxBw,4
Dx2qqqSpbPsIpoxOY0hxmg,1
_sMnp3sLnrtFXogMGQjBKQ,1
R0YVDMRQ0AnmuWc9mbeGHg,1
Y1CMexEb1bynntTLNWU3Uw,1
klgUim4N0lK539Cy1ozzag,4
xhAP6Mkcalq5aNA4uuTfCg,4
bdvqnIukT4sBKHbcMUIQuA,1
MSLh96C7a7luIdNGezQxyw,1
3giD_YXL31sEveiBOWdrjw,1
qxLDJlchl1YmQoM9ph2w7g,2
mD9dVgnNc5sgOwI8NXByYQ,4
sMWcrA3P8JGQbz_qdPfuEA,3
JxdHtdU0uor4EPRHOdi6WA,3
IQ3kzWdzmj84ZjyWDWfg7Q,4
xiQ73zGxKIN8vQg6CrrMeQ,1
-6GFD0CfOitXMUDOG1rqaA,1
-mRewceZ97RvUf-IGPVRqQ,1
5bJpXGCzXKajIvSAr59f3Q,4
K6F7N9LJ_3aZ7GTWSKEK5A,4
qvcEOQ8AlZP_8X89FXHZbQ,1
L8oFjf5aEdY0mAYPM7uNLQ,3
qkk01KPZUMse2p_qQjQ-qg,4
upFX6Z4zKsTgzrmdZ8uibQ,1
tRsOGrds9gGJFOubqg7otA,4
QgySOVUWQVFvevv0Xe9WxQ,2
HTWZSIbnjI2Evwr6sfnAJw,4
vQMPdUxSov8p3q5fx3Ypqg,4
XoWl_q_N7BLd-DHfdDugNg,4
oGoNqk5VpBgz-lcZzw9y0A,3
6bs45gIBnG2rcOFlakV1qg,4
AXgD_NYD6FADl4oBV1hMog,5
CwA-QR1Gfwhk56AwUSzAKg,3
Ia4pI1J05cIW8I3sRLlBcQ,1
9p-t02amMIzJyctw6tdAUw,1
85mWGXN6Hb9JMpIZJ9JoFQ,4
a4cEYlHPCnov-shCGVTSZw,2
32D-u-DgEXiMy-Wxtu6eFQ,2
dtBnwdgi8suOoXc7_6AKdg,4
pXCJRvLUL7yb9_Bmlnn2-g,4
aJMuTDOJXgMZk2ULfvufkg,3
86sOLSX2qAOWM_SOIQbjGw,1
zhvoZvmjYLQ4N_fVC05w4A,4
ErnYl5PjQcR2PonRgaw9pA,4
dEATlJzzflbx8pfNpn0Yhg,2
qL2ad-iM4Eau256Mmv05IA,1
9Gi9wuDOkgk3B9tO28WuMA,4
yjORrxc_AsAXOBWerbLvDw,3
lq_rVLvy2IBhXR_8aV_ZBg,1
3NU96usQyjao6lLtzDhYlw,2
akaIpKtAKVfY2L-UnNoNcg,3
avEbFQ6kkYGC1SHFRAPXhg,2
xvr9NYAEcyq07n-_gzzBiw,2
58b4sLthFk5CjSiQl5hE4g,4
73aEcdgGak1aYX3g8G_0Jg,2
O61VzDQSP5q8Q7eQ2zNTXA,1
eO_W4GbFgPeft3VvPU0rvg,1
H2z_UkcFSYnfB3On5b3jkw,4
uoKFuHbx1b8cBiz6-UewOg,4
uNoi1w_amzUWGBwtHEeDXA,4
qiyDtopG1-3jkHFsTge_Iw,4
Wif3UWFAVWpa8TO8AxtKGQ,3
9k1CBU5-xFz922yKU_9IBQ,1
lI5Woym0w52gBWuYmKFbIw,4
oJvB_mtJ-qmof1bsga0BOA,3
K8t0DKeykUJqOGXoMDmlyw,4
SA9zZ0CjBTgfwmjVPXyEkA,3
ThubXVVHhCNUWDjMe6lnRw,1
wUo4TI1hkUOm1m-xXBIMbg,2
SuQcxS8cR4MxBEoHNYA-iQ,3
WkCP2OT1Bz1qaoGksNd_gA,1
08zjuCbBi8OkVKxyDGg--A,3
fyMkhT04eO8OpfI_hY6zjQ,2
Pwg57ZK5VaAlElxgbrtb1Q,2
pA44mB1FZXzHX8WgwycehQ,5
-1mEa_sL73ft0jydiJbRCw,5
CEE1PbEBwOsGUGyPz-X7gw,5
UIOnlRwZRFA1Wa-b4x025w,2
i5UwUPlQFPLcE8p2gPFwBw,4
tPJkjXNX_dx_6YHvQw1tHQ,5
YBC8qXwAJWnJUTsrbEnB6A,5
H1ezmVFZj8EH2w0rVHy4-w,3
Bqq4pHkyr87aaMsMH2CfSA,4
LYvtUMnGAh1DGHY0pDKU6w,1
LChQLGtV8l24Hpg0kRUz_Q,4
CBpbdl7d4XgoUl33oOfIeg,2
NuCwY1Je7EBX9g1DsAiINQ,4
fczirA7TipKh3YcUjRhB0w,4
CPF-WHLA0iH0hcYUG0HK5Q,2
RYfYrkLoZWGWIjjf0L8awg,3
vYOSnZv51V-vwa2hlXMNHA,4
czgtNWHrFkD5QTHwIwVBYA,1
oM_REHvQExDL7icqmb1sAw,1
VDvF7dysXrICgqp0AiqqeQ,2
z35ROeyRRnN-sW-6SJm-Nw,4
8JMb9kYB_3oX03uICiNYVw,5
of6bvdjmDyrc04ws1d7Jtw,1
9UD6HcC71Nt8HSWwuzcP0A,4
_SyJUwMq972pVSF51D8PGA,1
pVgmhjC3BtamvugfzUV3tw,3
Ii-0RBE5So1-iAy24jTJUw,2
VJT6V3ju0qC1i6M27cD-og,5
m9STTxGlllC6_sOxYdiX2A,1
zgZJtLN-_zPNtKHI2nrjbA,2
hxGA--fsvYuT1-VFQm0S6A,3
ycnZifgfAzxd1rq_V89uZg,4
BHdClmLHV8U7ixKS-PV7yg,3
a-wm43drnGfI_YQvF9dhKg,2
7cWL8Xadq1u20nGAKRyOrA,2
2pnPqW1xrumam_p-1zGsmg,4
WOiItlhdGtUtGani55jMmQ,1
kdte6MwXpmrUnVOUOc8Zmw,4
jWc6qPWPm8_sOjbRzHdhaQ,1
KGP6bgVKOATKyeuXMx2tNw,1
5AF_JOAFpVBTUBM_uoCmaA,4
54hX-JQQNMx5-CxkJDD3Jg,1
mD_jPpe1E4Sf3t8JTVPcwQ,3
J1n8QBMEXXQmvYVJQqsuSA,1
9D2AQEWx5dj2bYKMxEcxiQ,4
_9obq3cVhn58NmFrg3aD7g,2
NbiTz_eAfCX4_U_CpGAbsw,4
2WUjMaDWljNn4rDZ5QcJ8w,4
QWySFNMEvjsslFx0RQAP4g,1
rjedRXaRKpyEoXV3xElc9Q,2
zkBo0dkLfs8_kJTbpBvhMA,1
YIfmQJ3Np1KXqcDHtCiw-g,2
E3HjoH85WIsobCnh2y5Ymg,3
a7oW0BsJYJenPhUCDNVRtw,1
JItFxzOnAoYxSJNvvh2wfw,4
EDk56BmipeFuLQ4ud0q16g,3
6K0aB8jJ5R-Ran7ewsqoCw,4
ywYtwerK-b1za6wwT2JGfA,4
Xg8gSwm5FxHmSt-nc-n2YA,4
m2_xnMkkDUWavNYh4KCthA,1
HMcI0_r-nAHfQnzK1GgKWQ,1
pA21tPyINGYSKVMLJxH1BQ,1
e1OSSM9nO6YH8dmy0F1dmQ,3
s6UjX_TWx8KuMDqTNCheUQ,5
CG5keX0i833uZ4jXor8Alw,3
0Bi6K_UMWYDVx0d1NXnTsA,4
jzxdMtcapzyTime4HuGx_Q,5
_qD1_NpLKkU2_Iy3XYP6BA,2
Io-Y19PcAthLKZzKlnRzzw,4
lEk1ShKkbvxxrkq0Pa5PlQ,4
-FgBHrDIGbtGejhyQZtY4w,4
BwtfTZnJUeN3CZ_ONXaEDA,1
ZpPna83JQMP9xmF5oOGBVA,3
YJcPQHRqDArjL7OSrF2ffg,1
fAaIdY9d8UW_YmqMU72mqQ,1
tpKGB3D8AZ-0rx24sXWnkA,1
1fsRS7bDKLWJmYRQNnzPlg,2
gedKOuOQBo4K8BS2C5GIPQ,3
YcaKB18Bz5uJEMWpYThekQ,4
rq4TtG2fkmFPLIwRYVylyQ,1
EjpyAKba3ZFXVPJVYE6kbg,4
wRv6CD5qvnmOFt5EyMfw0A,5
YYxphw2cQO-MSRgFsg29Ig,5
4cviNhwZq3_TaKMsVmaPsg,3
ZJMnE7RfDVoMxgAxwNHh0w,2
r8r4nT4MouA9zYJPD2-e4w,1
-mwiYg6Tq87As568IFPmSg,4
kj3EgjYy2-vLW_7ri10WMQ,4
_II1hdhYvO1l48IsrS3Atw,5
Sh83UG1TgQj6a1et1K3wcA,4
5577ZwTpqqzZlaDNLFQdvQ,3
sDFisy3roo5Djkw4HYdnGg,5
ighJdH6XsS-7SGemQrVvCQ,1
DvV0dtp2xsenbj8xFao62w,4
ectQBUe0Ttk7qm3L6Um9Xg,4
06r3ZCauqYZRjx4D_1YRtA,2
xxoGVAK3brQbHUp_hYkN5A,3
1n4lNEzhEyL-sfQTZEmpSA,3
APT0A-VTIMLOOqqhonluwg,4
e01pHo0xIYGJPPxp9QIL_Q,3
2r14YUMMTKDEIT6dALf63A,1
z6wJnI_zD3NhbF4PyKEx9w,4
NQ-1TC51ErJnPKAAsB9MvQ,5
xkDzpLQhiRK1mn63QVMP3Q,1
b1dupGkTLyL-Ogn_j_bhbw,5
0HX1UqwkTC4r1Isy6NgJ9w,2
u2rLgZayTlovRlPuOZLY0w,1
Wu6zX5TrbE_HZbQhDuVNNQ,1
RoMq5kR9_25lnj-62JugXQ,2
W58mhnUi8SYPm1ZB9ChKWQ,3
fCQ_qU2Z_Gh80iTQaNHqLw,1
dXmB4RV75bzvm74M-RDrBQ,5
7DvenBx_dQhRVH69HkkgOQ,1
Kq_7vR9YXF7gV2C40iHv_Q,3
PKb31Tx5rGpfMRaEgicVNg,3
Tn3N5sdlCauBGQFEaW3X7g,1
azwxUeHUg07jlDtORh6Gtg,1
oE84c9zEnEnBp-ObvpRQNw,3
hza5_Vj2AaEELbmbG_RzRQ,3
V3CJBvNV9sjEvmeGX5Znig,1
7sqyJtg-NhhUDVT3MbDUZg,1
AQ3QQxbMo2f9e4pOh497uA,5
HURtqNcJk6mEMkr3faTHNA,4
Bd0733iyTMHWMJX-aWkqcQ,1
E2IrvgGRzxeVmmnJyps9OA,1
02rOnhd9yZgHlSTwiZC1gQ,1
2TWMlzsUCBIEonOPLJ1_uQ,4
IABndQ1eIcy-kC3MLgmXXQ,1
YlCHub-JzIdTp-w8bo9PgA,3
058bCtpy_1km3vLLrR96Ag,4
iBsr0lAdTOs1XlwJXE4x8A,3
J9iAeEXM-nPJas2UGZpdiQ,1
zRO-WkUAVBKgvOhJW1eFAw,4
AblgfGc2H5wOZS956mxpAw,5
h3M-w2erZ_wtJERt5o5N9w,3
5ZhzADAoJXfcRUMxGddOWA,5
g1B9XNhCGY8EBC6VUuFcpA,3
q-RIdBmeWxZXaE9G6O8pdA,5
Bb7LitHbPIW7hPnRtSO49Q,2
BRnY5RzECbWH9yPbiXiSog,1
XnmiAdwUTRghRDJujM1xYw,4
UlIhxiIf1QMhbAtxYoyPUQ,4
kE2YjcfjqjmeLOf-8fZGJA,2
70IQJGOLWv3Fmvlc9mMQUQ,4
SzaEp2u-89prSua20NzeyA,2
-q0KpOWUdeky-rKBfnpQ5g,4
zEaYw2EGxEyWSjRvf2u4oQ,4
6VGcOPKY5S-3hqbPmAbp5Q,1
g3L0ynqV_-yfI38k7LzQKA,1
oMxTW7p1d-Ttg6Tyy0L3DA,4
trSxEpFdzfa7J_10XgaDBw,2
3mOlW4Txu1rh2zQr7wUhzw,4
mkVkCbp4m9IyVEq9Sb6XrQ,3
_f4gCK7BcVx4xT5ObLFwMg,4
k8Nt1C3-FdMoeuxXSJQH3Q,1
dsG-J1DcFSx0Q9xfgALKpA,4
fRdBoNpSbY4mP_t8ZWnn4Q,1
1S98oGX5ehlqiJv9Ae-3Rg,5
ZXM2azOFEf5__kjdE3h9Jg,2
aUOUoqKsrup3gl8DAmevmQ,3
vlmRBCJekyfCcKv39qH1Qg,3
l4_e-8oy0iRr0Kk77k-1Hw,4
9VINfGF0_6ujAZaSnyFUMw,4
jm4nXfUbFM7i1NEtIDUB_A,4
Q8u0uH7VX52fg__0TPDJpQ,4
M8gjiWK1s4xU7lMzZZPLaQ,3
GHyFH5TGDvatZN67vytjGQ,1
6cWBZi1jN1ajCeBfXd0fJQ,5
6Sy7xdZoKGCgm43VLnIFSw,4
KN6nzivQTrpNjPdtnkos7Q,4
_jZoYjs4ucRPpxzGA-qe6w,2
lRp5FLoSv3Uoh1MukrOr5Q,4
8fDgNRTw757Lm8mxOX8lZw,4
ViPHiO7GUGeBa6ggY0ROCA,2
MLIsky-kNV6z8gj5sTd8hQ,4
2kEwk6z_N03Dhpi10SI_Zw,5
5dDH9iSUKPw1fGNYiQezpg,1
pZ0nNLVX2wh2cBLfdtDa8A,4
uHRgq1dx_ljhSbbnfTYAvg,4
dxrYvI5Jwklqx9xhS-ZJog,1
rQKSnS-QRZNcBTiOBF4Ybw,4
8e3eFjL-nw1oqLf1TTffNQ,4
xAhej1hRKxJ-Du0U3Ackwg,4
0oRz1Ml6ft8vly17G4dWUQ,3
O1Fr01tC03b9kJ6pzdenEQ,1
Ff5JssM3xwxo32wlN-zRwA,4
3UWsYSWSYDXU9IwXSZyCTQ,4
MTEuIXOZu-zsJf-3zrm4sg,3
kQDTCk6k-KCDQbKO-N9Tmg,1
tEOYzsRjBdFeylavICbYEg,1
MVLYkmt6RfN-vYo1yyp8CA,3
QmTvtjIiju-l3rkUejKx3w,2
M4CkIIpFDW4aIy_wtF2bcw,5
INO_LzoTG8AFXWV-jdeX0w,2
D0dZA10oSYbd9qQKKUxiDg,4
7VSL45jIf46X-LNN4cNhdA,5
5kazoXBmK6CfSJz_3NSTCQ,1
YrnsxsmFZaQuOOq-DCphFQ,1
sLsfrkxCt76R-e5NF_QM5A,2
5Mb5oB4CB386bKFnPbKIDg,4
6fz-fylW5QT3fushZmXsLg,3
7GDK8WIt2VN2RiDE5tlE1w,2
V1XFp3yerBWZcyJ6VsQP2A,4
LZ2Ovof1H34V9P2KL4jjOA,5
3ezzdpN5zUus4QpRnfe6pw,1
LqcXSiCGGII8S64Tl9UAJQ,3
JLCWzxBMbrTVIvjraXJqEw,4
YFBJv8ZeordhHz4eiOoQUA,1
okmfVjexh2k3Zdslg1bUJw,2
xbFhJs3iSksjJBr4ZrGe-w,3
bF_MBTC3ZzUcM4i1KZtDwA,3
CAub6yF09gmlXY81y3olHg,4
tS4XBYLT_7JFnAXfc3CV_A,1
t00xA8ULDWvXDG8XbmzODA,1
ZAzJkr_Aa-wVkuVjiYdrFg,3
LpIIeMzeILAplYee1g6Pxg,1
QzcWWvipSs2EoijVicpz2w,3
lAvLDC0A9PwVKI_-FSO0yw,4
WmfmHDlN5jhrUmGe4WINZA,4
DQjRGs939gBPqfoIqK7VYQ,1
ODDjKBhzYnuW1HCK0EO7dg,4
WOgA1sidII-iwfNIiyXg_A,3
vOndr3nLYsA_LUxE0MMq9A,3
w02VJ6D9uZ6BY9ue8HEwRw,5
WijOs_yuNKZZtvDKjGyHPA,1
UwJzuXrpN3pHtDmgBeEKXw,4
WnXKvjPOff7XfxN9xedGzA,2
or9Ukss5hJa257sR6cyxGQ,3
lpvLLg9yYhhXmZ9mUuk55w,2
iabJjOO-fFBdq3mED0Dtag,5
VJgt91qmTdzlwrpIE7Zujg,1
vCRFmURamC75QmXuG3JmTA,1
ioFNKarf29KGjRZdH0qC8Q,5
jaU3d1mlF_FxDMgM2pdETg,2
C1jUZVKM5lTZWmgzBElhtQ,1
mkg8RMhfiOh0fZ3inyyimA,4
3h6h9rwAsXZlDgntVaxRIA,1
g4ovWEkUfP5-qhO0SgHp3Q,3
zewpgnS9wM-Ex4ZwaREUdA,4
HK9VP5fA2V8bxueTM8xXyA,3
07zbSgM9pXGaKqU40Jle5g,5
dLTSp_4UOH6XlYsFkVb_AQ,1
jKfHJ1HRKvWMkuU74SJ-VA,3
FsJo8ox1JJwt59qkR-oBuQ,2
bQcA29KaGnqoYt17YpQLjg,4
FE-X_Xv-utPx6-XNE6U1_w,1
dTPxCboYVuxVLg2Nr3kRQw,4
o90-bVYYBy-lLfqQuGe_nA,3
UFdbWZtKIfQTmgSuJm80-w,1
LTsPOld1gIeZOmrTPT4qtA,1
FvEdkcRXtV164Rl28z1F-g,5
w0g3l_DpRQuDzfrwo45Bbg,3
9LsBwUnEfUxtcZU98I1urw,4
M7kvgFEtpJe3PrIeR1D73g,4
XTW9trfYPPe-7jhyfmdDlg,2
x9TQG6M9bfcv2dIv0ECrAA,4
3OHu573HvvcKX-B1-yPDcw,3
lemQD8SWtbPB42CU-NTfPw,4
ToPHg-ZlL3eGGY3JkQUmFw,1
MHMYP9Vag-ETy7_NDYHx8g,4
8NJa8EVuqyXB_m6DDMBKRA,4
-DCcRKWqvXHPnGBhRx3vHg,3
ehnVAOXRZYge2keGjXzxUg,4
gSepLxcdSyRFSTGa5Dn8IA,2
2doDiOq3RnmUeVey9I_XPQ,3
RRBp0cYMog5-rA-_JORk3Q,1
anO_3QFQgrHkmqxgZA1HWQ,1
nf5TE6WIPNWGyPI-g3r08A,1
gvVAGWp40G69-nAXz3R_Ww,2
ivQRuXSaGhBn_kABn8mRSQ,2
SyVqkBwBv_JLyc5Lnp5yBg,5
KW2qsj1fGiNfVZNg6I1WeQ,2
HEqRghYaTEiQee9LZ7PZVg,1
OpToCdDBykmaF5irKxB34A,2
AMaGNol40NKx9y8wmyIeng,3
_caj5dWzzUfJLToxr9BDuw,1
DnqaW6k1Oze_bOIXbTqW8g,1
3-ulwy0RmTvtvIwHl8L79w,5
J690Vu42uJHmunGzbjaBZw,5
KW6JO2gvaD_cOeVWgdRBZA,3
lCd2TFIPOh9TXJBQw5LpIw,1
EqZJn1smhsho0DP-JYG0Ug,2
a_cjkwxr_SM61pivnoq4eQ,1
PDxhn6LvIeEts-r-_9uzqQ,1
KZYShlQ8Kr_kedfdKvYDDQ,3
NL60va5FIkR3qRwH8Bl7bQ,2
-eYf8TSeXMkCYrHtYxe3wg,4
5xFlkhLlfLbOi64wRDtDSw,1
6x5yxHG0_dm1yhp1EG7eVQ,1
nlvDKVnQl5fI3NDfoD_OKg,1
kO7pis1UieZ9La6ALCpfqQ,1
XbCS8eT3k7ReBk5pCa-u1A,4
QsrP6eRzOxRvjVkiRBYy3w,4
Xf1bFwk4OJNGebhjp9ystw,3
Gg00-vLZELUmeavED4_lTw,1
pRSHI4n2nHrtIpW2aYcJ4w,5
UALqcyZmttNYGcWVFXCyRA,1
clfuMzSLGP8VsBdrxRe_pA,1
HfKS98NsNsGAQkVq_Bn1XA,4
b6dmjsQCvj9SIye-AScRmA,4
VdDpF5Ze4IAHx1k5-vJLgA,3
xnQFhFGrsv_bixfAn2ybiQ,1
R-Oo2IpTgmfazBarFsTfPQ,1
pG7WCHYA7GPKx1_QyXQJaQ,4
LQI2nniU4_ZRF2sz2f1PUg,4
-FCglhG4eD5TMmgvTDBBYA,5
C4mTPy92RaDCtpynoujwPA,1
RqrcBb-J-TRfZpqFCBPFQA,1
PT6pEQDDnn8CGj0C6HvQoQ,3
l-pEC3u8rkLMu03CbWMArw,2
LcmIBIB2z-WNn5JB85amVw,1
sDh669RuFID_fh3pfeFOjQ,1
4KAFc7McjchEPTH3AozjJg,3
VzHHTCpMTdyVF3sgMiQwPQ,4
NtwSeIy-NMYML4TnxeiTdQ,5
fEBTKRgEzMKYaULSknhS5g,4
Mm8HmGaXLtgNboe15AME0Q,1
hO79PklmmISK51tkZum77A,2
xFptBtnnqUfkl13PIMmRvg,1
3r9RNovWt-8XLl_h7LwJRw,1
Hyl7v1OvqV0SDOnnWyks7A,1
CWYnYKNg6UkWZdcf3zZudQ,5
CJ9VlpJc-Tp87QiFqHWrpQ,4
-DzbfN6hUGRXj6dffen5tg,5
iLByjhS-xdYxFYkjBF_aoA,3
sOAYV8s6Pfd2EFCDfJVqJA,4
M2wf6by85wJMpzkSHJFwyg,4
wuTYvvJdlKomazymg6R4bA,4
F5eicsBcsqMSaq3cZLR1qQ,2
3c1MtRb8yCmJ7Kk9d3_jkA,1
8ycCfM7tCO-if0_eif92YA,4
D68Dlt51CqSFuv2VE5-oiQ,1
2TVVjeWawV7qom3e6GKosQ,3
bgAi7PttBjNbVH0sam9P2g,1
r-xHVvc9yWsKTkFWHrWznA,1
9MwPiGfujm4MW76yzZ5S5w,1
aF9nIMeIJndoqQaapDt2pw,1
Ve93MxhJxgeudkk1EVt85w,1
qONSkNp3Cs9TL1B8G5sQgw,4
8-jl6N9plIRc_uJofsEfQQ,4
8mLYfBoVymrp7zg2ajRtnw,3
EA1KkHShM6_-yp97DrenxQ,4
CEPZibQ8CVdQS2bHCuj8Sg,1
M7wfe76WUJAZWkaaUvUZww,4
xS7W2sZMAQVLF0pMnWD1zg,5
ovDf9Owyd-0s4lcLzYOuzA,2
3M9_FBpMdqxee-9GDaM6qw,1
XFddVvKwIQhypIzciKm8MQ,1
xWO0vMehrY79wOWrfjrrig,4
4dCzHh6Qu1pn_OOnw0_J1A,1
so1JiALwinYdL_ubPPsBEw,3
5sEcWdzTqTGkhYGgdI6Bfg,4
ZYvlRt7ytiN1Ah-Y77yC-w,1
jKNekpJZmJuywZNkb1vgFw,1
5IyRrDfCborQDnbAMM0Law,1
07Je9SOV0fLWg--pLuh-yQ,3
5X1nPqJRbcsEpvLCK2UpjQ,3
Pq_4joGaxfTu7R2JJnR8OQ,3
R3GUzidIm7LGBVaSr-ZpfQ,3
8NinOYK5XZYsdipl_L2lGg,4
2vEZ77SbCgMVAyUJwVD7Iw,4
MRdp6QKz-DA4nTjXyGAvvA,1
ANMCQYgW0RHVKzSyaWFhmw,4
xwhiyjj-AH_fM-RJdRDQaw,1
wAOBa4JgiYd9SY4LjBAN1A,5
dQd3Y-bJa4jfE5rcM_6GGw,1
aHGBLfltvImIIrkgP6a-5A,2
g8xsuJuDl4gQELpknjlcDg,4
7GfGziAPOfWZerzc4i3ljw,3
xbjVldkoUVyYuvuoA8idqQ,4
HUErKH3aPkgGnv4MzH1vpw,3
PWQ3JyQ-lQZYtlY_PELAhw,1
l9tIVRz60EDvjjX_dAsG5Q,4
n-4lT4jlygUB1A7e-xPtWw,4
sMQ9PvVxhjOAyPMyz8V6fg,3
yPstkzogwlLMSmRDT61Rjg,4
Yyr9DuIdPrDF42P6cR-2XA,1
KmTEM-FBtEwN1yzjQyyn6w,5
ar6jm5k3qjIoHei5DdaWgg,5
pMFwwfBpUphXtPfD7oJIRA,1
2fhBOqzsKrCLXhiX0FDkng,2
sf6wqTr0UFQuZk-pMKyq4w,4
g9XYSoU-tSzx-MNicY_R7Q,1
9eJqngjuyTJUR2ZUit1sDQ,4
hc_dCfQoogSDEVTMB0OXFQ,1
tNr7wpU3wDzfiDykvQifHQ,1
aABmDqTFDHy_qWNp03lYzw,1
jEqUuB3S3eqarqNHfjmLTQ,5
eAUn0S_G-uZ6ZcppGqwiQw,1
Kb8TPZhDnUU0ra4m5td9_g,4
5hPyZ0BAWaE7UpIcB8fV8Q,3
jtxlfZPpYxW7sEQKK-oMfw,4
NsUJj-ArF2FJmtW_A6DqHQ,3
XJiv_f_L1QcWdHulZvkfWQ,1
jolfpHyYjQ80i0IpKJEjnw,4
dxshJR-BDUO2NOVJpHyg6w,5
odUZdr-bMy-kvc4B5hikpA,3
GkPT2Vm8cXUkLho6Bjz2bQ,5
pm5eoCoYtEDw37Adp4ckiQ,2
AlLGqgL0NTnC-lYKGy1Ktw,5
WdTG6NKStzSXsbJWQikKTQ,5
AoSu5nJpoStp81xG0TWmxQ,1
i9dR5Y8A3yb-fP-o7NmvRg,4
miYrgYj9sgyYsYUvmSSowg,2
QsL1j_JvqGmEyQnXqw7PLQ,1
430ZRZU4q1DvhEySg1NEWw,5
fhE2pQd1744ihppgj-ZnXA,1
wttJkYDxkL8x-_n6wv1mzA,5
NzuJqiYxoa7hoBHtHf4C9Q,4
OaE3voQysndOa11i7mX4JA,1
zYG0ni2cibhJWD2mPOokDQ,1
FWCPeMBk3Dk_PSTSGj3PUA,3
0U5D-C8_9oykucDVxwYhfw,4
Qir-QA3QA_djQVFfiWbIFA,1
F2JN-3dMmZ7VzFQh_8ll2w,2
1GJKGe6gTq6r7b2Rptw0jA,5
n0g3SlNQsGuGw4aLlzuLYg,2
55oFVC-42efieLYl3GFx8w,3
B7jubO3eZdu4UeNQUo-yyg,2
OosptVNxs_pesruwT2rh_Q,4
_HNKhUJjDsrZYrFL-EUbRg,1
LpGXrk1UjbzSo1z8ZPJDhA,4
aFiv6mFK7ybBolNgEfevPA,1
wPOQTBQBHOcJ6DxVoihR1A,3
ImJZ7_7ULAVni_f2TrpxCg,3
wSFjGbrQLppsMkdcpTA_wg,5
6MtFhRi2kgao3PBbDe51yw,5
lR-v2ov20okZJW35P091dQ,4
MWjABi5CanhVkf5QEWtqVQ,1
g4GzIYDnTOYoU1tRAiA3Pw,1
PbzlF-ycjHUXu_OVUo1J6Q,1
KLgCRk38mrR9AYNZxFt2RQ,5
ZpTHrWK-xxVzVZaWDnKjfQ,1
vXbcwOe06XG3r1BVql4kgQ,4
UjU2vMfSz7pWaz7h2wOaTQ,3
UnHRrk0SaWtLfvro2D_qOw,5
SUOCnWpVX_hdTfnSvgDHeQ,1
wLPsxaur71B0AXM2veXnEw,1
BCZu6WLkynNqy2myON7Hmg,4
S6QiDnHuS6Xvirtat_SnAA,4
NiPxNXMT4reW1xpl8RrU3w,1
48r-ZbwUqNBuMXeVoV1QCQ,1
f1k14V_SYzu9y7t75_gBtQ,4
jbZpwpG70VeTTRUO5-N9PA,1
bwTeD5qfTR_tf9JfiU2czw,1
PFnpOXUy8GxB2idv2uLGmw,4
dQ6qnx4ian8-uFLiwL6nwQ,3
k2tFQR1HiQ8wM6U5tmk8HA,5
LBZWnkcSp_enawGbzu8_Ng,4
mU93fj6LPUcuZIdT13cVxQ,3
GawC1SLyejNZeWKE3yCBBQ,4
ZPGs-_FW34_fwjRY4iyoBg,3
yaWXCmeGzBWiKzn7KgnOVw,3
rvnwpFgZk0Nn9oGftVwM9w,1
mrIBvmrlXPgjaJYBLRE31Q,1
SXlZ_OfECCG7QLLunNiXyg,4
vQI6TOAhA9mLnnoNuQE6GQ,5
PKJoUroAkbrMMX2u7akuQQ,4
cT3QxdtNuMG0MkkXFsefTQ,4
_jXkqBZk_BEjkFqyxz-bPw,3
sxg2PJ-ijTCUcL8LI_vpGg,2
gwY-I-UPuqKfpB9fn-pNRQ,3
IyuBcHUoWQfGJBHfil3Wng,1
n41G36zW-Ya2uKrBaWusVQ,5
xpC3g59RJNilJeZ9yW0MiQ,1
W8X0kT0D8yi086cDcNkxWA,2
T9B0sd9r6zZfbqxH37FQSA,4
srsx29W9YKfSZtRZst8DEA,4
6t-RF2DYzEQQGryOiEHFWA,4
f1zwyZ0tCPvovQ00w8MjmQ,4
D7dEax-WP5jNknKO9s5DQA,2
YPkK2YQnynXxZ-4C1ylQjQ,1
1-jcB1dqLa8zdeG5OmkNbA,3
YKGybc779I9D7JOU4FFJHw,1
RgJuZ-B6kNHTZiJYUet9XA,1
MBM7fc1S8VwS3eQdsj0nCw,2
b4scKEFkMuFGP8DY3as1dg,3
qRUiDz_u5UJexcWKh2WaEg,5
61gW5ql1ja2Rbm7E4cjpGg,4
XiC51nFTlZdguA8n3-VrHw,2
dGAkykdATE8PVRLbZwXBvQ,4
uadAzmq85Yo1qsVAYtzb-Q,5
QxeYqTQ2D3WnGE9UQc8ysA,4
0mLJQOrOBedoams5l90_Sg,4
zNEPfcLuhCNS59s92tgXbA,1
NwPvlDbVR3UKbNhFWcLhuw,5
hMWlDBlxmfPqiKU-J0tP2g,4
CLwGe8mS-CrMtVYuPiQ3Rw,3
TmhpIgqXdwRNauXHJJIqfw,5
6NO5uDxddNsQM61R8ICR2A,4
OX7F4DDpQAmCyq_aovArug,3
v9jtWLYwxgQiBEK-WemqXQ,1
pIenGEcR_CI1_0xbT2z3vg,1
rmW5WEQ4Y8oZKJ8WIMWxeQ,4
u2yZBRwREXTSrWWkwlEmEg,5
X-rY9aX7SCkKnkheqRMINA,1
h14mkwm81nPvQ0kZYs_MCw,5
IsXOu4S9-jqAF2mKxyXm3Q,3
R-9opYN_oWnrbU8UcHpesQ,4
w9n0fUumQ5faPFBsvXetmQ,1
C77KQfd-5JkXrfjXDD8TUQ,2
6SwOEr997HIyoyPkbitkkg,4
Ur_yN7l4I2_dbUWZFFvx5g,1
k3jY-c3bv1MdLF80PdoqIA,3
arUz1xVliHjD_DvouCEkOQ,5
8CbWhxIao9VT5Ek7Lk5VOQ,4
-6vryerwkQBtuvxjsJI--A,2
Xe8qXF0tQ_dbWC63OVyV4w,4
I-kSdoiHS2XRC5wKgitIuw,4
aem61G877fTNHxu_4br_ig,1
3FSlOhnyi8erBJiHatHnqA,4
1oHBh52w-UhZQju657FbgQ,4
9lG1OX7E0NeF6CfEBNITGQ,4
wlOFbjzyZssI5b32n4EPTQ,1
2jEsBPlHT781tTDdq5nDGQ,4
65d8c-b-OErurtXRQ9pKrw,2
OJmN-Lq12icBqQCiK9vlUw,1
Ff_VGJZSwYVQBIG9Quia6A,5
9sSnXGSWlzN_UDoOhHxDmg,1
SfzaqMmvUKIxnPH4d8kZFw,2
z3eW6mllol6YgrMf4AoJOw,3
3YWer3rNHdFxF51kmKI7CQ,4
zOkX-ecjpydbm6LWW_sR_g,4
eljPMCbijAlNkxVhjREj-Q,3
MIiAvF-28bhre8AQcO4cww,2
yjNQxGJMXa-gKuMvPsT_yA,3
hiP6M7nX1ClVAHe1XxgLFg,1
XBAgAYUTeAB9YqTXhvChDg,1
eb8XRyIokVgKxvtCtL4Zdg,3
eoKU0enF1OdDVb6sjtIRXQ,5
pjGC1Ev6NS3Fja7MFBiPmw,2
Hzrexr3Lc-z50zz7zqYdmg,1
_Jp5kCoKbtRAm44gSyBXZA,4
EzR9MiQTaqU8CpsD5Kr-bw,4
YQispU8egAUXRUQ8ZMnPhg,5
J5Uj3J1a_rGw7pVH0zlBBg,1
Liq1S6A1tn34OqZyVXm89A,4
ab18VyRiof8F6rK3q-kvzQ,4
nfyntMCvlkP96di2TDzQOw,1
F5fMiBuCrwvjOLkHZQ5z4Q,5
agprm-Uo2UhwCyHicKAR8g,2
RFvBGqfB1DmHYDtm5L3d9g,2
Sq4GoU_57065uiDYNoD0lA,4
3XYuMjL7Dc8z8moP9aepOA,3
mDxa5JHYZAvoN58kY5X-Xg,2
qUnVuW5jRhhFpC6lsj9hMg,5
Uszsf9HJcIot9tyfCpEqrA,3
oFnRZBLZuUEej3-m1hP0Ng,4
ThAhe4JO0yvWlaRw5l1pRw,1
gviZvfFAlvJK6sdbCbBjtw,1
KPqc_A1TFLtneerzLG7h7g,3
_89nDekbE3xZEHa5bMwo7w,4
dDPBScGcLSukphMn_HJ4cg,1
i70hNxxjyrJBsVEQU-GUmw,4
VnHnBge8P0tyWBZ0N2o3Qw,4
CDjXP4WyhKmvsgQ9Cc8djg,4
nzHABW527FkonUnu8I3bCQ,4
WneQNYw6h4JhHyKJ1v39EA,5
oighpuk7TAJjE4pyau4slQ,3
A0PVD0ySJd-sTR3OscRIyw,5
U7wJ5tvRKmdEzJpHgLKlPA,1
A3UYw7WPjyj__TjwYn41cw,2
NMkBxMPW3g8Wk1t9N0O39w,5
8OCljpXWurPfb-2R3YW8dA,4
GKMdebT4oTzwdCo3L18Kig,4
OER1uYrH94m2WXP_qoT2iQ,3
n19A9iQpl8vx4k4STDR9Tg,2
4nN0A4NQFYEdNIOzVVua2g,3
_inbJx1g8OwOWhXAmsfNaQ,3
a04Y7NgvFtGs37KkC33EoA,4
GtKgehciEUJ1OFm4wa7OEg,5
qoStKaAIQ0l_clwZyAmf0g,2
wXyoLRTLSfyAGkxuN8bm6A,4
GbnjkkriH9DmnDWmv6N-kQ,3
pCmnmilM-lzO4iwfs3x38g,1
uDEvJY3ozCdgtXxEpSJbRw,1
LX9EURfKyW_9nOHd7Z659A,1
o8oGoiRPB84WMWW9P4khXQ,1
BV7LsMW_rH7pFI3Aqe1f9Q,4
rT8RmfP0M5wqT7lG3oG0rw,4
uqEfEeKpkhUJmTsMAlV2mA,4
shvvAIMbSBaRTg19xQPMJw,1
tp9k_Ihph8v_FhXRrLc8TQ,4
UBdm8EEmfohP9vAgdKOe8w,2
M8RWMkBDJNzbsyWTIt0qJg,2
uBiZdRo4jkGFy18DrsuSLA,1
WdNjF2_cfNUF_PEEzqSH4Q,1
zuhgJZf0MP5Ep7eC23V03g,1
kdKCm2WsscMgSWcaox0iqQ,4
U08HLs0y1-ZtqYAzKqiehw,4
7smsclv9H4hxKJ3EnBph6w,5
AeZiYN-RjqoBj19fiujR6w,5
xvFegRSjET1srHO-UGAHuw,2
LCVCl1ViYg4Y08KpQbCbSw,4
Q22dV2hkosJ8gR8VYz4Eqg,2
lXrVrvR2exubdztP1KaKTw,4
2qwie3Mh07ExqAdw-zBzLw,1
gyPpUvbPzF-iXX2yQjtiow,5
YANjf0byoskS3lHgpm3VEA,3
_9wvusv9ddZAO3xQkY40KQ,4
hr3QHQ4K6qflXuRx7gNtWA,2
eFn88SQcb0zf0lnlPnHygA,2
AhE5XTs26ERPzZko_zCFpg,1
rGR5851pkfXIdDjNmN0KXQ,4
vnbkVXhIxBPLVAJ3OELg_g,3
f8qMzikqsOr0DF89kMlDcg,4
PpSKGLdFO4Q4LIKwkLOm3g,2
JHQqnzqbIrFNsFurdqtTZg,1
5BKnbSU7vA7PIgzRw-QwvA,1
ca9F5dKLb2efk3S3f_dLWQ,4
CwTQbZe_TBXJMTAhhRsOKw,4
1_WvvghBbRtD-FkXIcwkGA,3
uJlck9CNadgE3lxmB2V4Qg,2
FQonamt2gtTn8UGdFivAJw,2
OOc_X6-A8bjMaS5NZSt8kw,5
k0P6lWiYP1qNQ5wNe3bRCg,2
kExMZ_SVJPbYKcG92heFMA,3
PTzf4mCQqtZr86BqlF6wxg,3
FjAPIbBgS-yW1CTmtvJYKg,4
28vDIm5ojsNK76mN5hJoJg,3
zW80DZLpK-FBpeZCxgbGYw,1
1D8hb7iV5hb8-XAhxKLg9g,4
2yabVOB-ZNe-fo9wc02xsw,2
CMubUsxPMH4GklSlbY0vqw,4
JiNYRRpEpDpXpAlNaRz2YA,1
Po90bzVqMej9XBrNQGlfvQ,1
ishnQ8u_HEI-dD25FyAHtQ,1
tRX1DFuRjckQPvWoSeeWBg,2
F9QCOGwDDYqheklviSSY-Q,5
uZlM8bLBtlZu-sT-RyvmXA,4
QPUL_7zJVwxzSdltgrxpGQ,2
52gYlDbdcL-xE3-mSgPYcA,1
nHZQ3Rv6RpbFGup0M6EyOg,4
1jIAo3SX5Y7zgXlK2LkFmg,1
1GyulAaJ3oOg9L8TwIj4kA,1
V2bgy5mlQG01FTo9PT-5zw,4
0bKGKOrNSza4GDkGbSsfVw,4
h8ImvYIrwfx-xfqOffHoRA,2
_MJrnrlK1r9CQB_BBCcRIw,3
NgH7JUp7BK4F30JfumHGvA,5
4jNLmas3XRItbRQB47XhgA,4
b-ZJj7t4fV7VyxWFQJP0rQ,5
VASdOe1Y_aJ8DX38zQw0Wg,4
WwOmLg7Uj58IP0hA_uMAiA,5
OxTPzCxGeq_EQHT7Iy8Y5Q,4
0lrix8A9tm3wYXdr64mXdQ,4
ufBj3NQYTBg9rgmN7JQeQQ,1
nvJ-vna1h6ShG5FiV8BADg,3
rc8EREmmkn1okSBzBn-J6w,4
f48hRvi0woS0HgEqPuykXQ,3
WWFxXFMIFg3f1aBSWd-lPQ,3
ZPoew_628C8ImxQr4BTgXQ,2
aTj7NhoWXjODGv6yOoDsxQ,5
RUbX0dCphXljNUX6lfvpiA,5
zwH-ICPi8xjmhNkN4EdXuA,5
u7pq7a-OE74DzRHXEi7_OQ,1
-LDxaRpD20MVmRN95vzLWA,1
p6N_liAaOE1CUykcN_wsCg,4
M4r1fSGZd9mfR7OJfStWMg,5
ynbKLaz6QV7g7GeKFTklUQ,1
D-NPvGcYM7D0FLsTBncPVw,5
a9nabvUTt0nRQoXbfzt_qw,1
gyAfX8eCGa_bXJ45XEX1EQ,1
yglpopgQy7SO8Z0SJQ-XSg,4
hatcdQHluBk1WgCAA5FYJQ,4
Ca8lF9xQAvP9yiIMwGlMhg,3
t3fpUZT3wlKbtQGTBBpl4A,4
xI2H1Cjy1xT4tqKhMFyvvg,4
Xv8dvBFofGEDUtmFlC8OlA,4
lbQFblmPKVJIkuu5bW56cA,1
upSQtiE-ZafgHsqoMx48Bg,1
NP-4j9lX6iBRNwB6KPFH6w,4
PC0AYixk4nXdwkNuYoSBig,5
RRNMIuioJrZUKRqOmrLFpA,5
T9a_oWR4PophxGC_Bv1AvQ,5
vAPBMCfXda4Lm0wjqKcFrg,3
T3Ag-gykjOikRu5zyy45Ig,4
mRWq6h6Pd_cegUSsSsDceQ,1
gfzLuJ8MU8rVlhUJxQSABw,4
G3Q-96pDdZYLgchWLHz49Q,4
52uGuZkQUqlo7qnQX1drOA,1
aU4RkjWoutH0MMpkElhrGQ,4
dT2lFcqN9EzCLf8dQ0f-Ng,1
299W6MEuXsFvsyelWU2MaQ,1
k6LPuwfWsXi426MrTUc7Kw,4
oJo_uZhaHMO1tO1Ax7GLNw,2
Q6ZMr5X5L_MftD-Pla3gRw,5
JRLNx6WJTfMzACCp60BfaQ,1
lLPQSIFUua4b4cqICZKdtw,2
3oGfNTvtKXlCX4f1_m7UZQ,3
smjdc4xnKXrCiPcbSsiCOQ,1
eFZUj9o_-5jykCsL3DwB7Q,4
0prcEB3ffpxeCmWNuH_Arw,1
SZcI1Ef39KPuelBT3Vb6TA,3
Uq_IXcCXzBvVKjE4V-tADg,5
o7U_3YLW8Tx72E4DQPbeKw,3
py7Tm3YVLmHhu1YYm9K5og,2
g0M2iE3uJD7lteRZYmuLVw,2
NDQsUgQh7cDnQg5oiZA53g,5
QUFTIz6IN4dV0R1oMhtSCA,4
waUKpfvDdyQCbv97V97q8w,4
gnGFWEHk8jKF183L1jDVFg,3
ej2cco5zZ188lEfi7oP1zw,1
HQGUaen_Iw74gKZz0H-Qmw,3
lo5Gbb8AK8DxGj95w5wCJg,3
Y16Grvrv_OB4NHQJxahLMA,1
ArmusD7uv13Kg3OyYZBLDg,2
8coQ4GAfR_udMLc_IiQVeA,3
vOGT1urnBluMfT5PUTiH4Q,5
D-rBD2z0a3OILV2J-A5XhQ,4
ulb4vLaB9Cyche8qaHEqqg,1
6NGNrJ4x94cf8Vh9hhoDDw,1
f-xFvTSral4H6OoVc50cHw,1
OMBUDlgYHKHCdjD-0pMCJQ,4
NrNjKRE19Qud2BaSzWnpBA,2
ykUif2B_swPqLIeLtVQ6Ug,1
aGFhuDM_VtvNkOuKYNBWrA,5
cfc2b8ZZvp_HX4po4La3_w,5
l4kw4mQV3qCSWUODMb31YA,4
UuTeLALzvoQJh3buqfKE-Q,5
YTJaqFiY35AP7UJ2mf7Vng,4
uWRZcnPBI5QtIEDWl0KOQw,4
QKhhO1KBXWioPIfXMflx9w,5
OGqbW-Lz0XQAPBIJY0QUug,4
rEC6nfsGprjZn4eU_81Rvw,3
xNDCgnCIRk19mRI1JNf8_g,4
gutIgZbZtGpyU-i78DAokw,4
a5OqxNOboLeVNy58F3K-mA,1
xu39VZ9oPzknOSwQEsZUWQ,1
pO2gULh1NHD0OQ3IZDHhMw,3
yxtfxNEYYYlQeNlgiNtySQ,1
mRAv9SLZMj7oVG3cm8cFDA,1
nvHtWqUmQE9SftRxTEj12Q,1
c-FdiLSJ3N4EFllPG1niew,4
BSDxnAJW-XZx2s_AuJA3pg,4
IjidM25ctLgMckG_Nozhrg,1
1Te48puqa793DuKkb65DkQ,3
_IBj63vIbP7mSZfDElb1AQ,4
lNgHdm2W2eoziXLwwIsr1w,2
wYnqgjlw4ZLgAUAwOrcukA,5
ks_r28w4-O0cCBknGzX8wg,1
W7Dxj3cAXkdij9eteIVmqA,4
JLXonb5xVqeSs32yYzqTzA,1
rnBPGIX-5VkKvU9dGO8iNw,2
ZkZx1UcStRTBkui99S7EBA,2
s8-PgM-3HbRkoOXFIR2KOg,1
IGdhmXLIrGrcH8vimhf8yA,5
jlK05zVJxhnYdrFjxNzPqA,2
zgvd2Qh03CGvwq49TEX0Yw,2
BfG4HhnU3huFa72vOFCOCA,4
goewaZTC3juNotDHQuVqdw,3
ck-IeBLudXTqUjhkbEUYEQ,4
r568BmRW59BAjykoXFmrCQ,1
-gcus5ofmkZHRI8fwFU9vg,1
NFmwAfP7vxuUPpXLX9CQaw,4
cynzU8ys63Pe21TGj7TobQ,3
CWm101SORRe2Yq4SOJ8eeg,4
pcMmEdMnCN7y4MGB412c2g,1
euDhh0TpLiPgP3icooqgCA,5
wWso2iQ_VGFO4tjOgH6uRA,2
GqFDXfDgfB-W8I7uNyovdg,4
Ax4uHBrouR5_l1X2EUG9CA,4
SYpSDF3hmmdT45DN2isT8A,4
kW2dA6ygg8OHb4sVNWS3GA,5
nl97qUmUB8TnawJ2Qkebjg,1
QxAEcYFHl4GPGgd0CeqfCA,1
FrUuzlvczgxTrgt6Es_otg,1
XK7QPWWASWh9oPvdyv3bpg,1
hQVeJSthY3qnhLo1FglFag,4
b057pUENtOBx5RNqHDQ5Ng,1
WDSb0rIUbh5VV9ZmOhF3AQ,3
DeF2BkI0-Px80KIlPeIoww,2
zIBLXAWiBAlpR2FQ5XMz2g,3
FY6xd_oxveC9P41oO864VQ,5
WjLual5lbjDzsEtY_CNRjw,1
j8DHqcOVHNbF9n_RZgMqsw,1
StAgifGI3L9nQISSEqGBRQ,1
sPCDtsZXoCSSLuCbZNxb9w,4
isvpzdPU5FI35aZR5xfV3A,4
tv65BSsbeWd_qT5Jj9u17w,1
EzbjeH82YrvkERvlWzFLdw,5
ZH3Dek47nAv8Elaax0PZoQ,5
WlnSnq7R9lDddFXT-VLeJQ,3
Cf9_1YVbYN34xMd2zu2e4A,1
a3M4M7cZcIef7KoUnVX4IA,1
tSIae_Q9-5esN3HjQtFobA,4
DuuhKHcnCI7WpBxBVmjcjQ,1
Rqah_R8fhHLB0y-VomNdMg,2
U2OAOQYxGyIiNv5ZZPHGmA,1
Gz27txd_5YYDPu4i_yMSQQ,1
IZWM4k2vjkixW7boOXSLrg,3
ATMP3CqGIL1gQOLNhQiSow,2
7OJLl-DXKvVV-Xic7ZAO1w,1
qU_GPsOpqqr_3ztrK5xT-w,4
pl0evorJ2f4xGlXpaJgNxg,2
ikAyw9mF58672VnHRR14cA,4
31MtunymsDWIAhuCrbSTkw,4
GzBQe4a05OD0purti2pymA,4
akK_VE9If05KmbjzYpV9gA,1
ui8stcPx1hlB2lg84B_hlA,1
1oto_891HThR7DTcbBNPaA,1
PiGbkQPl4xZ_wQsTuR3tZA,1
sZXivqA4On1S9SddJz2YGw,4
jlZrYB2_Y5Mge-eo4L7lgQ,1
0e85_aiJs1LD9h9rI2TqBg,2
JQa8fESl8IeTxIaTnhUOdA,5
aHCMLTb4rtivcxN5OEZ_lg,4
LzoCeFF_2qsAxFrNZXqInQ,4
t3v_5fGG3gTbtwJUZ20Nsg,4
APa87oMMNs0xYArnb9BSFQ,3
V-KLWKbub40YLahyIqGKMg,3
4DIkFoi63CLC6Wrz8lqbiQ,2
gY1XZnlfst-4ZJtzkJflfw,2
-TCe7ddbOesJ2ni68Zrefg,4
BgZu4-HUrJy3dsZellI6og,1
_U3Fex-VC8Seaej6bISTBw,4
iYTsz2SBAz2rR_5zaAtXfQ,1
gQZAmO59ZMVyEC0XOJ57rg,4
dGBBk1FBZVLFulcKDV4GCA,2
TexoLd0UdT9xJN9a8srXxQ,1
mp71ZhEcr0l0bZr1ivQLuA,4
1Ufz0YLO9cLKDYFlIURS1A,2
oJUnsu4PpTZz-kCE88-9uQ,1
sY_Ay1QhVDAR8RDHrSFUwg,3
kUrWHPYvq7gH1x289U5m1w,3
dsEuDOBCiQe2DAq67NH6ew,4
bIt5UqAY10_3FKoMLFC1LQ,4
LqaK-h8LsqH1Xb0rRDJ68A,4
bxHex_fRobehefkMbOCQCA,3
_AKjJrEUN-7ld8hyh-PG1g,4
wxKDGUvUm4dlp-b9uhWexg,4
0o16wvdMI4aadsE41pkSwg,4
YCIvq9hUUBnYA_cjAFJNDg,5
yni5JSDXcOmcCtw48gVKSg,2
urCRmEE5Xs8txCgZiAoNXg,4
Rf99AYnyTC993HT_HvfsPw,4
2p4P4eV5hDXaBtiyzzywAQ,4
MrNoSjADo30HQNLBgn9EtQ,5
mbr9SxqO2MJbYRuwBbRJtg,4
LleiJNhBSvjfwloSKd7xvA,4
_Gsu83ezU0Ma9VS8gxir0g,1
XQeeg7WFkHVnQX2XuEqlbA,4
aKSOlnDTvyq08AD1F8HPCQ,2
7lGP2GIqeihb95h0v3n60Q,1
4Lm-drLXi25mssPxwUeyHg,3
v7hsK8NCWTDsQxbeq-wyvA,1
SBU9OeXvHO6h8u_P7S0FZw,4
Yte-AWK9NMD2RBTBiyEWFg,4
oZxqo6rspUimmoqKl0_qdA,4
C_oCpNq91uTtOYUs2cChdg,4
qMrxDB5fm8wIzexUp643xQ,5
HrejfPp6Xduy5Pv7i-is1A,5
cXo09g5VbXvLHtg52wqhdg,4
